codigoInterno,Nom Reducido,idItem,idTipoIVA,idCategoria,IDSubRubro,Codigo_de_Envase_asociado,Porc_de_Impuesto_Interno,precio_final,FechaUltimoPrecio,descrip reducida,Eliminacion_de_item,Tipo de Unidad,Unidad,Dias_de_Vencimiento,Tamanio de Letra,productos.FechaUltimoPrecio,Codigo_Adicional,Permite_Modif_Descripcion,Precio adicional de venta con IVA,Codigo de Plantilla de Etiqueta,Codigo de IVA Diferencial,UltimoPrecio,Precio_de_Oferta_Etiquetas,IDProducto,Codigo_de_envase_asociado_ERP,Monto_de_Impuesto_Interno,productos.idTipoIVA,Aplica_Percepcion_5329,Costo _el_articulo,idProveedor,IDRubro,idMarca,Fecha Inicio,Fecha Fin
3053,QUESO TYBO TREMBLAY X G,5.0,3,61,262,0,0,13600.0,2025-01-13,QUESO TYBO TREMBLAY X G,N,1,1,5,0,2025-01-13,*,N,0,-1,0,8.503, ,3011463618, ,-1,3,N,-1,1437,4,0,01/12/2024,31/12/2024
3054,QUESO CHEDDAR TREMBLAY X G,5.0,3,61,262,0,0,13380.0,2025-01-13,QUESO CHEDDAR TREMBLAY X G,N,1,1,5,0,2025-01-13,*,N,0,-1,0,8.362, ,3011463619, ,-1,3,N,-1,1437,4,0,01/12/2024,31/12/2024
8002,MERTHIOLATE FILM aer.x 30 g,,3,0,0,0,0,14080.12,2025-01-14,MERTHIOLATE FILM aer.x 30 g,N,1,1,5,0,2025-01-14,*,N,0,-1,0,10202.986, ,1019000018, ,-1,3,N,-1,0,1,554,01/12/2024,31/12/2024
8003,102 PLUS comp.x 60,,3,0,0,0,0,25443.19,2025-01-14,102 PLUS comp.x 60,N,1,1,5,0,2025-01-14,*,N,0,-1,0,18437.094, ,1037200011, ,-1,3,N,-1,0,1,1059,01/12/2024,31/12/2024
8006,102 PLUS comp.x 30,,3,0,0,0,0,14794.21,2025-01-14,102 PLUS comp.x 30,N,1,1,5,0,2025-01-14,*,N,0,-1,0,10720.442, ,1037205501, ,-1,3,N,-1,0,1,1059,01/12/2024,31/12/2024
8007,ATOMO ARNICA GEL gel x 30 g,,3,0,0,0,0,7953.03,2025-01-14,ATOMO ARNICA GEL gel x 30 g,N,1,1,5,0,2025-01-14,*,N,0,-1,0,5763.065, ,1041400013, ,-1,3,N,-1,0,1,0,01/12/2024,31/12/2024
8008,ATOMO ARNICA POTE pote x 80 g,,3,0,0,0,0,9919.9,2025-01-14,ATOMO ARNICA POTE pote x 80 g,N,1,1,5,0,2025-01-14,*,N,0,-1,0,7188.333, ,1041400014, ,-1,3,N,-1,0,1,0,01/12/2024,31/12/2024
8009,ATOMO ARNICA ROLL-ON Roll-on x 90 g,,3,0,0,0,0,11581.23,2025-01-14,ATOMO ARNICA ROLL-ON Roll-on x 90 g,N,1,1,5,0,2025-01-14,*,N,0,-1,0,8392.196, ,1041400015, ,-1,3,N,-1,0,1,0,01/12/2024,31/12/2024
8010,DERMAGLOS C PIEL DEL DIABETICO emulsión x 300 ml,,3,0,0,0,0,21471.3,2025-01-13,DERMAGLOS C PIEL DEL DIABETICO emulsión x 300 ml,N,1,1,5,0,2025-01-13,*,N,0,-1,0,15558.913, ,2000900079, ,-1,3,N,-1,0,3,129,01/12/2024,31/12/2024
8011,COLTIX MULTIPROPOSITO env.x 150 ml,,3,0,0,0,0,10000.07,2025-01-14,COLTIX MULTIPROPOSITO env.x 150 ml,N,1,1,5,0,2025-01-14,*,N,0,-1,0,7246.428, ,2011000010, ,-1,3,N,-1,0,1,0,01/12/2024,31/12/2024
8012,MEGACISTIN COLµGENO pvo. x 350 g,,3,0,0,0,0,44669.2,2025-01-14,MEGACISTIN COLµGENO pvo. x 350 g,N,1,1,5,0,2025-01-14,*,N,0,-1,0,32368.986, ,2011000011, ,-1,3,N,-1,0,1,0,01/12/2024,31/12/2024
8013,CURFLEX comp.x 30,,3,0,0,0,0,19617.19,2025-01-14,CURFLEX comp.x 30,N,1,1,5,0,2025-01-14,*,N,0,-1,0,14215.355, ,2036600021, ,-1,3,N,-1,0,1,0,01/12/2024,31/12/2024
8014,VARISEDAN GEL gel frío p/piernas x400g,,3,0,0,0,0,13888.0,2025-01-14,VARISEDAN GEL gel frío p/piernas x400g,N,1,1,5,0,2025-01-14,*,N,0,-1,0,10063.768, ,2041400104, ,-1,3,N,-1,0,1,0,01/12/2024,31/12/2024
8063,MERTHIOLATE BEBE cr.x 40 g,,3,0,0,0,0,9079.28,2025-01-14,MERTHIOLATE BEBE cr.x 40 g,N,1,1,5,0,2025-01-14,*,N,0,-1,0,6579.188, ,2076300000, ,-1,3,N,-1,0,1,554,01/12/2024,31/12/2024
8064,MEGACISTIN shampoo x 200 ml,,3,3,72,0,0,20350.45,2025-01-14,MEGACISTIN shampoo x 200 ml,N,1,1,5,0,2025-01-14,*,N,0,-1,0,14746.703, ,2076300003, ,-1,3,N,-1,0,1,0,01/12/2024,31/12/2024
8065,MEGACISTIN MAX COMPRIMIDOS comp.x 30,,3,0,0,0,0,25745.09,2025-01-14,MEGACISTIN MAX COMPRIMIDOS comp.x 30,N,1,1,5,0,2025-01-14,*,N,0,-1,0,18655.862, ,2076300006, ,-1,3,N,-1,0,1,0,01/12/2024,31/12/2024
8066,MEGACISTIN MAX LOCION loc.x 120 ml,,3,3,62,0,0,15459.26,2025-01-14,MEGACISTIN MAX LOCION loc.x 120 ml,N,1,1,5,0,2025-01-14,*,N,0,-1,0,11202.362, ,2076300007, ,-1,3,N,-1,0,1,0,01/12/2024,31/12/2024
8067,102 MUJER caps.bl.x 30,,3,0,0,0,0,17789.73,2025-01-14,102 MUJER caps.bl.x 30,N,1,1,5,0,2025-01-14,*,N,0,-1,0,12891.109, ,2076300015, ,-1,3,N,-1,0,1,1059,01/12/2024,31/12/2024
8068,MERTHIOLATE CICATRIZANTE cr.x 50 g,,3,0,0,0,0,9203.72,2025-01-14,MERTHIOLATE CICATRIZANTE cr.x 50 g,N,1,1,5,0,2025-01-14,*,N,0,-1,0,6669.362, ,2076300016, ,-1,3,N,-1,0,1,554,01/12/2024,31/12/2024
8069,CURFLEX PLUS comp.x 30,,3,0,0,0,0,23079.07,2025-01-14,CURFLEX PLUS comp.x 30,N,1,1,5,0,2025-01-14,*,N,0,-1,0,16723.964, ,2076300019, ,-1,3,N,-1,0,1,0,01/12/2024,31/12/2024
8070,METABOLIC MAX caps.blandas x 60,,3,0,0,0,0,36583.73,2025-01-14,METABOLIC MAX caps.blandas x 60,N,1,1,5,0,2025-01-14,*,N,0,-1,0,26509.949, ,2076300020, ,-1,3,N,-1,0,1,0,01/12/2024,31/12/2024
8071,CURFLEX CBD c/aroma cr.x 100 g,,3,0,0,0,0,13328.98,2025-01-14,CURFLEX CBD c/aroma cr.x 100 g,N,1,1,5,0,2025-01-14,*,N,0,-1,0,9658.681, ,2076300021, ,-1,3,N,-1,0,1,0,01/12/2024,31/12/2024
8072,CURFLEX CBD s/aroma cr.x 100 g,,3,0,0,0,0,13328.98,2025-01-14,CURFLEX CBD s/aroma cr.x 100 g,N,1,1,5,0,2025-01-14,*,N,0,-1,0,9658.681, ,2076300022, ,-1,3,N,-1,0,1,0,01/12/2024,31/12/2024
8073,MEGACISTIN BLOCKER caps.bl. x 30,,3,0,0,0,0,27518.03,2025-01-14,MEGACISTIN BLOCKER caps.bl. x 30,N,1,1,5,0,2025-01-14,*,N,0,-1,0,19940.601, ,2076300023, ,-1,3,N,-1,0,1,0,01/12/2024,31/12/2024
8074,CURFLEX DUO pote x 310 g,,3,0,0,0,0,42748.65,2025-01-14,CURFLEX DUO pote x 310 g,N,1,1,5,0,2025-01-14,*,N,0,-1,0,30977.283, ,2076300024, ,-1,3,N,-1,0,1,0,01/12/2024,31/12/2024
8075,SNELLA GEL INTIMO gel x 60 g,,3,0,0,0,0,8331.28,2025-01-14,SNELLA GEL INTIMO gel x 60 g,N,1,1,5,0,2025-01-14,*,N,0,-1,0,6037.159, ,2076300025, ,-1,3,N,-1,0,3,0,01/12/2024,31/12/2024
8076,102 SPORT BCAA sob.x 30,,3,0,0,0,0,29632.86,2025-01-14,102 SPORT BCAA sob.x 30,N,1,1,5,0,2025-01-14,*,N,0,-1,0,21473.087, ,2076300026, ,-1,3,N,-1,0,1,1059,01/12/2024,31/12/2024
8077,CURFLEX TRIPLE ACCION comp.x 30,,3,0,0,0,0,24710.18,2025-01-14,CURFLEX TRIPLE ACCION comp.x 30,N,1,1,5,0,2025-01-14,*,N,0,-1,0,17905.928, ,2076300027, ,-1,3,N,-1,0,1,0,01/12/2024,31/12/2024
8078,CURFLEX UCII+CURFLEX CBD S/AR comp.x 30 + cr. x 100 g,,3,0,0,0,0,19617.19,2025-01-14,CURFLEX UCII+CURFLEX CBD S/AR comp.x 30 + cr. x 100 g,N,1,1,5,0,2025-01-14,*,N,0,-1,0,14215.355, ,2076300028, ,-1,3,N,-1,0,1,0,01/12/2024,31/12/2024
8079,SNELLA JABON INTIMO jab. líq.x 220 ml,,3,0,0,0,0,9358.08,2025-01-14,SNELLA JABON INTIMO jab. líq.x 220 ml,N,1,1,5,0,2025-01-14,*,N,0,-1,0,6781.217, ,2076300029, ,-1,3,N,-1,0,3,0,01/12/2024,31/12/2024
8080,MEGACISTIN MAX + SHAMPOO comp.x 30+shamp.x200ml,,3,0,0,0,0,25620.11,2025-01-14,MEGACISTIN MAX + SHAMPOO comp.x 30+shamp.x200ml,N,1,1,5,0,2025-01-14,*,N,0,-1,0,18565.297, ,2076300030, ,-1,3,N,-1,0,1,0,01/12/2024,31/12/2024
8102,JABON LIQUIDO DOVE CORPORAL NUTRICION PROFUNDA X 250ML,,3,69,309,0,0,4340.0,2025-01-13,JABON LIQUIDO DOVE CORPORAL NUTRICION PROFUNDA X 250ML,N,1,1,5,0,2025-01-13,*,N,0,-1,0,3472.0, ,3011406242, ,-1,3,N,-1,18,3,140,01/12/2024,31/12/2024
8103,REXONA JABON COTTON FRESH X 125GR,,3,69,309,0,0,930.01,2025-01-13,REXONA JABON COTTON FRESH X 125GR,N,1,1,5,0,2025-01-13,*,N,0,-1,0,744.0, ,3011406281, ,-1,3,N,-1,18,3,388,01/12/2024,31/12/2024
8104,DOVE DEO FEM AP BARRA  X 50 GR,,3,11,27,0,0,4989.99,2025-01-13,DOVE DEO FEM AP BARRA  X 50 GR,N,1,1,5,0,2025-01-13,*,N,0,-1,0,3992.0, ,3011406329, ,-1,3,N,-1,18,3,140,01/12/2024,31/12/2024
8105,REXONA DEO BARRA MEN V8 ANT X 50 GR,,3,69,311,0,0,4020.0,2025-01-13,REXONA DEO BARRA MEN V8 ANT X 50 GR,N,1,1,5,0,2025-01-13,*,N,0,-1,0,3216.0, ,3011406385, ,-1,3,N,-1,18,3,388,01/12/2024,31/12/2024
8107,CAPILATIS ORTIGA CAIDA CAB GRASO 420 SHA,,3,69,306,0,0,8230.0,2025-01-13,CAPILATIS ORTIGA CAIDA CAB GRASO 420 SHA,N,1,1,5,0,2025-01-13,*,N,0,-1,0,6584.0, ,3011416830, ,-1,3,N,-1,34,3,82,01/12/2024,31/12/2024
8108,NUTRISSE CRUELTY FREE 60U RUBIO OSCURO ,,3,3,18,0,0,10610.01,2025-01-13,NUTRISSE CRUELTY FREE 60U RUBIO OSCURO ,N,1,1,5,0,2025-01-13,*,N,0,-1,0,8488.0, ,3011416970, ,-1,3,N,-1,18,3,332,01/12/2024,31/12/2024
8121,LYSOFORM ACTIVE POWER LAVANDA 495 ML,,3,0,0,0,0,5750.0,2025-01-13,LYSOFORM ACTIVE POWER LAVANDA 495 ML,N,1,1,5,0,2025-01-13,*,N,0,-1,0,4600.0, ,3011429535, ,-1,3,N,-1,34,3,283,01/12/2024,31/12/2024
8123,AGUA SABORIZADA AQUARIUS MANZANA 500 ML,,3,63,288,0,0,1200.0,2025-01-13,AGUA SABORIZADA AQUARIUS MANZANA 500 ML,N,1,1,5,0,2025-01-13,*,N,0,-1,0,888.89, ,3011433559, ,-1,3,N,-1,1155,4,748,01/12/2024,31/12/2024
8124,AGUA SABORIZADA AQUARIUS NARANJA 500 ML,,3,63,288,0,0,1200.0,2025-01-13,AGUA SABORIZADA AQUARIUS NARANJA 500 ML,N,1,1,5,0,2025-01-13,*,N,0,-1,0,888.89, ,3011433560, ,-1,3,N,-1,1155,4,748,01/12/2024,31/12/2024
8125,AGUA SABORIZADA AQUARIUS PERA X 500 ML,,3,63,288,0,0,1200.0,2025-01-13,AGUA SABORIZADA AQUARIUS PERA X 500 ML,N,1,1,5,0,2025-01-13,*,N,0,-1,0,888.89, ,3011433561, ,-1,3,N,-1,1155,4,748,01/12/2024,31/12/2024
8126,AGUA SABORIZADA AQUARIUS POMELO X 500 ML,,3,63,288,0,0,1200.0,2025-01-13,AGUA SABORIZADA AQUARIUS POMELO X 500 ML,N,1,1,5,0,2025-01-13,*,N,0,-1,0,888.89, ,3011433562, ,-1,3,N,-1,1155,4,748,01/12/2024,31/12/2024
8127,AGUA MINERAL BONAQUA X 500ML,,3,63,288,0,0,1100.0,2025-01-13,AGUA MINERAL BONAQUA X 500ML,N,1,1,5,0,2025-01-13,*,N,0,-1,0,814.814, ,3011433566, ,-1,3,N,-1,1155,4,810,01/12/2024,31/12/2024
8128,"GASEOSA COCA-COLA X 1,5L",,3,63,263,0,0,2599.99,2025-01-13,"GASEOSA COCA-COLA X 1,5L",N,1,1,5,0,2025-01-13,*,N,0,-1,0,1925.921, ,3011433567, ,-1,3,N,-1,1155,4,719,01/12/2024,31/12/2024
8129,GASEOSA COCA-COLA X 500ML,,3,63,263,0,0,1200.0,2025-01-13,GASEOSA COCA-COLA X 500ML,N,1,1,5,0,2025-01-13,*,N,0,-1,0,888.89, ,3011433568, ,-1,3,N,-1,1155,4,719,01/12/2024,31/12/2024
8130,"GASEOSA COCA-COLA ZERO X 1,5L",,3,63,263,0,0,2599.99,2025-01-13,"GASEOSA COCA-COLA ZERO X 1,5L",N,1,1,5,0,2025-01-13,*,N,0,-1,0,1925.921, ,3011433569, ,-1,3,N,-1,1155,4,719,01/12/2024,31/12/2024
8131,GASEOSA FANTA NARANJA X 500ML,,3,63,263,0,0,1200.0,2025-01-13,GASEOSA FANTA NARANJA X 500ML,N,1,1,5,0,2025-01-13,*,N,0,-1,0,888.89, ,3011433571, ,-1,3,N,-1,1155,4,957,01/12/2024,31/12/2024
8132,BEBIDA ISOTONICA POWERADE FRUTAS TROPICALES HF X 995ML,,3,63,289,0,0,2300.01,2025-01-13,BEBIDA ISOTONICA POWERADE FRUTAS TROPICALES HF X 995ML,N,1,1,5,0,2025-01-13,*,N,0,-1,0,1586.201, ,3011433582, ,-1,3,N,-1,1155,4,808,01/12/2024,31/12/2024
8133,BEBIDA ISOTONICA POWERADE MANZANA HF X 500ML,,3,63,289,0,0,1500.0,2025-01-13,BEBIDA ISOTONICA POWERADE MANZANA HF X 500ML,N,1,1,5,0,2025-01-13,*,N,0,-1,0,1034.477, ,3011433583, ,-1,3,N,-1,1155,4,808,01/12/2024,31/12/2024
8134,BEBIDA ISOTONICA POWERADE MANZANA HF X 995ML,,3,63,289,0,0,2300.01,2025-01-13,BEBIDA ISOTONICA POWERADE MANZANA HF X 995ML,N,1,1,5,0,2025-01-13,*,N,0,-1,0,1586.201, ,3011433584, ,-1,3,N,-1,1155,4,808,01/12/2024,31/12/2024
8135,BEBIDA ISOTONICA POWERADE MOUNTAIN BLAST HF X 500ML,,3,63,289,0,0,1500.0,2025-01-13,BEBIDA ISOTONICA POWERADE MOUNTAIN BLAST HF X 500ML,N,1,1,5,0,2025-01-13,*,N,0,-1,0,1034.477, ,3011433585, ,-1,3,N,-1,1155,4,808,01/12/2024,31/12/2024
8136,BEBIDA ISOTONICA POWERADE MOUNTAIN BLAST HF X 995ML,,3,63,289,0,0,2300.01,2025-01-13,BEBIDA ISOTONICA POWERADE MOUNTAIN BLAST HF X 995ML,N,1,1,5,0,2025-01-13,*,N,0,-1,0,1586.201, ,3011433586, ,-1,3,N,-1,1155,4,808,01/12/2024,31/12/2024
8137,BEBIDA ISOTONICA POWERADE NARANJA X 500ML,,3,63,289,0,0,1499.99,2025-01-13,BEBIDA ISOTONICA POWERADE NARANJA X 500ML,N,1,1,5,0,2025-01-13,*,N,0,-1,0,1111.107, ,3011433587, ,-1,3,N,-1,1155,4,808,01/12/2024,31/12/2024
8138,GASEOSA SCHWEPPES ZERO POMELO X 500ML,,3,63,263,0,0,1200.0,2025-01-13,GASEOSA SCHWEPPES ZERO POMELO X 500ML,N,1,1,5,0,2025-01-13,*,N,0,-1,0,888.89, ,3011433588, ,-1,3,N,-1,1155,4,839,01/12/2024,31/12/2024
8139,"GASEOSA SPRITE X 1,5L",,3,63,263,0,0,2599.99,2025-01-13,"GASEOSA SPRITE X 1,5L",N,1,1,5,0,2025-01-13,*,N,0,-1,0,1925.921, ,3011433589, ,-1,3,N,-1,1155,4,851,01/12/2024,31/12/2024
8140,GASEOSA SPRITE X 500ML,,3,63,263,0,0,1200.0,2025-01-13,GASEOSA SPRITE X 500ML,N,1,1,5,0,2025-01-13,*,N,0,-1,0,888.89, ,3011433590, ,-1,3,N,-1,1155,4,851,01/12/2024,31/12/2024
8141,BEBIDA ISOTONICA POWERADE FRUTAS TROPICALES HF X 500ML,,3,63,289,0,0,1500.0,2025-01-13,BEBIDA ISOTONICA POWERADE FRUTAS TROPICALES HF X 500ML,N,1,1,5,0,2025-01-13,*,N,0,-1,0,1034.477, ,3011433840, ,-1,3,N,-1,1155,4,808,01/12/2024,31/12/2024
8142,GASEOSA COCA-COLA X 1LT,,3,63,263,0,0,1999.99,2025-01-13,GASEOSA COCA-COLA X 1LT,N,1,1,5,0,2025-01-13,*,N,0,-1,0,1481.476, ,3011433961, ,-1,3,N,-1,1155,4,719,01/12/2024,31/12/2024
8143,GASEOSA COCA COLA  ZERO X 1LT,,3,63,263,0,0,1999.99,2025-01-13,GASEOSA COCA COLA  ZERO X 1LT,N,1,1,5,0,2025-01-13,*,N,0,-1,0,1481.476, ,3011433962, ,-1,3,N,-1,1155,4,719,01/12/2024,31/12/2024
8144,GASEOSA COCA-COLA ZERO X 500ML,,3,63,263,0,0,1200.0,2025-01-13,GASEOSA COCA-COLA ZERO X 500ML,N,1,1,5,0,2025-01-13,*,N,0,-1,0,888.89, ,3011433963, ,-1,3,N,-1,1155,4,719,01/12/2024,31/12/2024
8145,"GASEOSA SCHWEPPES ZERO X 1,5L",,3,63,263,0,0,2599.99,2025-01-13,"GASEOSA SCHWEPPES ZERO X 1,5L",N,1,1,5,0,2025-01-13,*,N,0,-1,0,1925.921, ,3011433964, ,-1,3,N,-1,1155,4,839,01/12/2024,31/12/2024
8150,JUGO ADES MANZANA X 200ML,,3,63,271,0,0,800.0,2025-01-13,JUGO ADES MANZANA X 200ML,N,1,1,5,0,2025-01-13,*,N,0,-1,0,551.724, ,3011446504, ,-1,3,N,-1,1155,4,746,01/12/2024,31/12/2024
8152,JUGO CEPITA HF NARANJA TENTACION X 300ML,,3,63,271,0,0,1000.0,2025-01-13,JUGO CEPITA HF NARANJA TENTACION X 300ML,N,1,1,5,0,2025-01-13,*,N,0,-1,0,689.652, ,3011446506, ,-1,3,N,-1,1155,4,897,01/12/2024,31/12/2024
8153,GASEOSA COCA-COLA LATA SIN AZUCAR X 354ML,,3,63,263,0,0,1000.0,2025-01-13,GASEOSA COCA-COLA LATA SIN AZUCAR X 354ML,N,1,1,5,0,2025-01-13,*,N,0,-1,0,740.738, ,3011447131, ,-1,3,N,-1,1155,4,719,01/12/2024,31/12/2024
8157,AGUA MINERAL BONAQUA X 1.5L,,3,63,288,0,0,1600.0,2025-01-13,AGUA MINERAL BONAQUA X 1.5L,N,1,1,5,0,2025-01-13,*,N,0,-1,0,1185.183, ,3011447228, ,-1,3,N,-1,1155,4,810,01/12/2024,31/12/2024
8161,JUGO ADES TROPICAL X 200ML,,3,63,271,0,0,800.0,2025-01-13,JUGO ADES TROPICAL X 200ML,N,1,1,5,0,2025-01-13,*,N,0,-1,0,551.724, ,3011447249, ,-1,3,N,-1,1155,4,746,01/12/2024,31/12/2024
8163,GASEOSA SPRITE ZERO X 500ML,,3,63,263,0,0,1200.0,2025-01-13,GASEOSA SPRITE ZERO X 500ML,N,1,1,5,0,2025-01-13,*,N,0,-1,0,888.89, ,3011447262, ,-1,3,N,-1,1155,4,851,01/12/2024,31/12/2024
8164,GASEOSA FANTA NARANJA SIN AZUCAR LATA X 310ML,,3,63,263,0,0,1000.0,2025-01-13,GASEOSA FANTA NARANJA SIN AZUCAR LATA X 310ML,N,1,1,5,0,2025-01-13,*,N,0,-1,0,740.738, ,3011447356, ,-1,3,N,-1,1155,4,957,01/12/2024,31/12/2024
8166,GASEOSA SPRITE LATA SIN AZUCAR X 310ML,,3,63,263,0,0,1000.0,2025-01-13,GASEOSA SPRITE LATA SIN AZUCAR X 310ML,N,1,1,5,0,2025-01-13,*,N,0,-1,0,740.738, ,3011447537, ,-1,3,N,-1,1155,4,851,01/12/2024,31/12/2024
8167,JUGO CEPITA MANZANA X 200ML,,3,63,271,0,0,700.0,2025-01-13,JUGO CEPITA MANZANA X 200ML,N,1,1,5,0,2025-01-13,*,N,0,-1,0,518.521, ,3011451891, ,-1,3,N,-1,1155,4,897,01/12/2024,31/12/2024
8169,GASEOSA COCA-COLA LATA X 310ML,,3,63,263,0,0,1000.0,2025-01-13,GASEOSA COCA-COLA LATA X 310ML,N,1,1,5,0,2025-01-13,*,N,0,-1,0,740.738, ,3011452766, ,-1,3,N,-1,1155,4,719,01/12/2024,31/12/2024
8170,JUGO CEPITA MULTIFRUTA X 200ML,,3,63,271,0,0,700.0,2025-01-13,JUGO CEPITA MULTIFRUTA X 200ML,N,1,1,5,0,2025-01-13,*,N,0,-1,0,518.521, ,3011452866, ,-1,3,N,-1,1155,4,897,01/12/2024,31/12/2024
8171,BATATA FRITA TRYMS  X 65GR,,3,67,296,0,0,1550.0,2025-01-14,BATATA FRITA TRYMS  X 65GR,N,1,1,5,0,2025-01-14,*,N,0,-1,0,1148.148, ,3011453216, ,-1,3,N,-1,1462,4,0,01/12/2024,31/12/2024
8172,NACHOS TRYMS  JALAPEÑO X 75GR,,3,67,296,0,0,1550.0,2025-01-14,NACHOS TRYMS  JALAPEÑO X 75GR,N,1,1,5,0,2025-01-14,*,N,0,-1,0,1148.148, ,3011453217, ,-1,3,N,-1,1462,4,0,01/12/2024,31/12/2024
8173,NACHOS TRYMS  CHEDDAR X 75GR,,3,67,296,0,0,1550.0,2025-01-14,NACHOS TRYMS  CHEDDAR X 75GR,N,1,1,5,0,2025-01-14,*,N,0,-1,0,1148.148, ,3011453218, ,-1,3,N,-1,1462,4,0,01/12/2024,31/12/2024
8174,PAPAS FRITAS TRYMS CLASICAS SIN TACC X 60GR,,3,67,296,0,0,1550.0,2025-01-14,PAPAS FRITAS TRYMS CLASICAS SIN TACC X 60GR,N,1,1,5,0,2025-01-14,*,N,0,-1,0,1148.148, ,3011453219, ,-1,3,N,-1,1462,4,0,01/12/2024,31/12/2024
8175,GASEOSA SCHWEPPES LATA SIN AZUCAR POMELO X 310ML,,3,63,263,0,0,1000.0,2025-01-13,GASEOSA SCHWEPPES LATA SIN AZUCAR POMELO X 310ML,N,1,1,5,0,2025-01-13,*,N,0,-1,0,740.738, ,3011453370, ,-1,3,N,-1,1155,4,839,01/12/2024,31/12/2024
8176,AGUA MINERAL BONAQUA X 2.5L,,3,63,288,0,0,2099.99,2025-01-13,AGUA MINERAL BONAQUA X 2.5L,N,1,1,5,0,2025-01-13,*,N,0,-1,0,1555.552, ,3011453392, ,-1,3,N,-1,1155,4,810,01/12/2024,31/12/2024
8177,"GASEOSA COCA-COLA X 2,5 L",,3,63,263,0,0,3900.0,2025-01-13,"GASEOSA COCA-COLA X 2,5 L",N,1,1,5,0,2025-01-13,*,N,0,-1,0,2888.887, ,3011453877, ,-1,3,N,-1,1155,4,719,01/12/2024,31/12/2024
8179,GASEOSA COCA-COLA LATA SIN AZUCAR X 220ML,,3,1,93,0,0,800.0,2025-01-13,GASEOSA COCA-COLA LATA SIN AZUCAR X 220ML,N,1,1,5,0,2025-01-13,*,N,0,-1,0,592.598, ,3011453916, ,-1,3,N,-1,1155,3,719,01/12/2024,31/12/2024
8183,HUGGIES TOALLA HUMEDAS DISNEY BABY ED LIM X 48,,3,17,83,0,0,11930.0,2025-01-13,HUGGIES TOALLA HUMEDAS DISNEY BABY ED LIM X 48,N,1,1,5,0,2025-01-13,*,N,0,-1,0,9544.0, ,3011454261, ,-1,3,N,-1,34,3,227,01/12/2024,31/12/2024
8184,GASEOSA FANTA LATA NARANJA X 310ML,,3,63,263,0,0,1000.0,2025-01-13,GASEOSA FANTA LATA NARANJA X 310ML,N,1,1,5,0,2025-01-13,*,N,0,-1,0,740.738, ,3011454262, ,-1,3,N,-1,1155,4,957,01/12/2024,31/12/2024
8193,"GASEOSA COCA-COLA ZERO X 2,5L",,3,63,263,0,0,3900.0,2025-01-13,"GASEOSA COCA-COLA ZERO X 2,5L",N,1,1,5,0,2025-01-13,*,N,0,-1,0,2888.887, ,3011456642, ,-1,3,N,-1,1155,4,719,01/12/2024,31/12/2024
8194,GASEOSA SPRITE LATA X 310ML,,3,63,263,0,0,1000.0,2025-01-13,GASEOSA SPRITE LATA X 310ML,N,1,1,5,0,2025-01-13,*,N,0,-1,0,740.738, ,3011456871, ,-1,3,N,-1,1155,4,851,01/12/2024,31/12/2024
8197,GASEOSA COCA-COLA RETORNABLE X 2.5 L,,3,63,263,0,0,2800.0,2025-01-13,GASEOSA COCA-COLA RETORNABLE X 2.5 L,N,1,1,5,0,2025-01-13,*,N,0,-1,0,2074.073, ,3011457867, ,-1,3,N,-1,1155,4,719,01/12/2024,31/12/2024
8198,AGUA TONICA SCHWEPPES LATA SIN AZUCAR X 310ML,,3,63,263,0,0,1000.0,2025-01-13,AGUA TONICA SCHWEPPES LATA SIN AZUCAR X 310ML,N,1,1,5,0,2025-01-13,*,N,0,-1,0,740.738, ,3011457885, ,-1,3,N,-1,1155,4,839,01/12/2024,31/12/2024
8199,VINO BLANCO CALLIA CHARDONNAY X 750ML,,3,60,266,0,0,5460.0,2025-01-13,VINO BLANCO CALLIA CHARDONNAY X 750ML,N,1,1,5,0,2025-01-13,*,N,0,-1,0,3000.001, ,3011458484, ,-1,3,N,-1,1406,4,0,01/12/2024,31/12/2024
8200,VINO BLANCO SALENTEIN RESERVA CHARDONNAY X 750ML ,,3,60,266,0,0,11950.0,2025-01-13,VINO BLANCO SALENTEIN RESERVA CHARDONNAY X 750ML ,N,1,1,5,0,2025-01-13,*,N,0,-1,0,6565.932, ,3011458485, ,-1,3,N,-1,1406,4,0,01/12/2024,31/12/2024
8201,VINO BLANCO PORTILLO DULCE NATURAL X 750ML ,,3,60,266,0,0,6590.0,2025-01-13,VINO BLANCO PORTILLO DULCE NATURAL X 750ML ,N,1,1,5,0,2025-01-13,*,N,0,-1,0,3620.877, ,3011458487, ,-1,3,N,-1,1406,4,0,01/12/2024,31/12/2024
8202,VINO BLANCO PORTILLO SAUVIGNON BLANCO X 750ML ,,3,60,266,0,0,6200.01,2025-01-13,VINO BLANCO PORTILLO SAUVIGNON BLANCO X 750ML ,N,1,1,5,0,2025-01-13,*,N,0,-1,0,3406.598, ,3011458488, ,-1,3,N,-1,1406,4,0,01/12/2024,31/12/2024
8203,VINO BLANCO CALLIA DULCE X 750ML ,,3,60,266,0,0,4660.01,2025-01-13,VINO BLANCO CALLIA DULCE X 750ML ,N,1,1,5,0,2025-01-13,*,N,0,-1,0,2560.445, ,3011458490, ,-1,3,N,-1,1406,4,0,01/12/2024,31/12/2024
8204,VINO TINTO CALLIA CABERNET SAUVIGNON X 750ML ,,3,60,266,0,0,5100.01,2025-01-13,VINO TINTO CALLIA CABERNET SAUVIGNON X 750ML ,N,1,1,5,0,2025-01-13,*,N,0,-1,0,2802.203, ,3011458495, ,-1,3,N,-1,1406,4,0,01/12/2024,31/12/2024
8205,VINO TINTO KILLKA CABERNET SAUVIGNON X 750ML ,,3,60,266,0,0,8149.99,2025-01-13,VINO TINTO KILLKA CABERNET SAUVIGNON X 750ML ,N,1,1,5,0,2025-01-13,*,N,0,-1,0,4478.016, ,3011458496, ,-1,3,N,-1,1406,4,0,01/12/2024,31/12/2024
8206,VINO TINTO PORTILLO CABERNET SAUVIGNON X 750ML ,,3,60,266,0,0,5790.0,2025-01-13,VINO TINTO PORTILLO CABERNET SAUVIGNON X 750ML ,N,1,1,5,0,2025-01-13,*,N,0,-1,0,3181.32, ,3011458497, ,-1,3,N,-1,1406,4,0,01/12/2024,31/12/2024
8207,VINO TINTO CALLIA MALBEC X 750ML ,,3,60,266,0,0,5100.01,2025-01-13,VINO TINTO CALLIA MALBEC X 750ML ,N,1,1,5,0,2025-01-13,*,N,0,-1,0,2802.203, ,3011458501, ,-1,3,N,-1,1406,4,0,01/12/2024,31/12/2024
8208,VINO TINTO KILLKA MALBEC X 750ML ,,3,60,266,0,0,8149.99,2025-01-13,VINO TINTO KILLKA MALBEC X 750ML ,N,1,1,5,0,2025-01-13,*,N,0,-1,0,4478.016, ,3011458503, ,-1,3,N,-1,1406,4,0,01/12/2024,31/12/2024
8209,VINO TINTO PORTILLO MALBEC X 750ML ,,3,60,266,0,0,5790.0,2025-01-13,VINO TINTO PORTILLO MALBEC X 750ML ,N,1,1,5,0,2025-01-13,*,N,0,-1,0,3181.32, ,3011458504, ,-1,3,N,-1,1406,4,0,01/12/2024,31/12/2024
8211,VINO TINTO PORTILLO METLOT X 750ML ,,3,60,266,0,0,5790.0,2025-01-13,VINO TINTO PORTILLO METLOT X 750ML ,N,1,1,5,0,2025-01-13,*,N,0,-1,0,3181.32, ,3011458509, ,-1,3,N,-1,1406,4,0,01/12/2024,31/12/2024
8212,VINO TINTO PORTILLO SYRAH X 750ML ,,3,60,266,0,0,5790.0,2025-01-13,VINO TINTO PORTILLO SYRAH X 750ML ,N,1,1,5,0,2025-01-13,*,N,0,-1,0,3181.32, ,3011458512, ,-1,3,N,-1,1406,4,0,01/12/2024,31/12/2024
8213,VINO TINTO CALLIA DULCE TARDIO X 750ML ,,3,60,266,0,0,4660.01,2025-01-13,VINO TINTO CALLIA DULCE TARDIO X 750ML ,N,1,1,5,0,2025-01-13,*,N,0,-1,0,2560.445, ,3011458513, ,-1,3,N,-1,1406,4,0,01/12/2024,31/12/2024
8214,VINO TINTO PORTILLO TEMPRANILLO X 750ML ,,3,60,266,0,0,5790.0,2025-01-13,VINO TINTO PORTILLO TEMPRANILLO X 750ML ,N,1,1,5,0,2025-01-13,*,N,0,-1,0,3181.32, ,3011458514, ,-1,3,N,-1,1406,4,0,01/12/2024,31/12/2024
8215,PAPAS FRITAS TRYMS PIMIENTO MORRON SIN TACC X 60GR,,3,67,296,0,0,1550.0,2025-01-14,PAPAS FRITAS TRYMS PIMIENTO MORRON SIN TACC X 60GR,N,1,1,5,0,2025-01-14,*,N,0,-1,0,1148.148, ,3011459247, ,-1,3,N,-1,1462,4,0,01/12/2024,31/12/2024
8216,PAPAS FRITAS TRYMS FINAS HIERBAS SIN TACC X 60GR,,3,67,296,0,0,1550.0,2025-01-14,PAPAS FRITAS TRYMS FINAS HIERBAS SIN TACC X 60GR,N,1,1,5,0,2025-01-14,*,N,0,-1,0,1148.148, ,3011459248, ,-1,3,N,-1,1462,4,0,01/12/2024,31/12/2024
8217,PAPAS FRITAS TRYMS SAL MARINA Y PIMIENTA SIN TACC X 60GR,,3,67,296,0,0,1550.0,2025-01-14,PAPAS FRITAS TRYMS SAL MARINA Y PIMIENTA SIN TACC X 60GR,N,1,1,5,0,2025-01-14,*,N,0,-1,0,1148.148, ,3011459249, ,-1,3,N,-1,1462,4,0,01/12/2024,31/12/2024
8218,PAPAS FRITAS TRYMS CEBOLLA MORADA SIN TACC X 60GR,,3,67,296,0,0,1550.0,2025-01-14,PAPAS FRITAS TRYMS CEBOLLA MORADA SIN TACC X 60GR,N,1,1,5,0,2025-01-14,*,N,0,-1,0,1148.148, ,3011459250, ,-1,3,N,-1,1462,4,0,01/12/2024,31/12/2024
8219,PAPAS FRITAS TRYMS KETTLE JALAPEÑO AHUMADO X 60GR,,3,67,296,0,0,1550.0,2025-01-14,PAPAS FRITAS TRYMS KETTLE JALAPEÑO AHUMADO X 60GR,N,1,1,5,0,2025-01-14,*,N,0,-1,0,1148.148, ,3011459251, ,-1,3,N,-1,1462,4,0,01/12/2024,31/12/2024
8220,PAPAS FRITAS TRYMS KETTLE ACANALADAS ACETO BALSAMICO X 60GR,,3,67,296,0,0,1550.0,2025-01-14,PAPAS FRITAS TRYMS KETTLE ACANALADAS ACETO BALSAMICO X 60GR,N,1,1,5,0,2025-01-14,*,N,0,-1,0,1148.148, ,3011459252, ,-1,3,N,-1,1462,4,0,01/12/2024,31/12/2024
8221,PAPAS FRITAS TRYMS KETTLE ACANALADAS CHORI X 60GR,,3,67,296,0,0,1550.0,2025-01-14,PAPAS FRITAS TRYMS KETTLE ACANALADAS CHORI X 60GR,N,1,1,5,0,2025-01-14,*,N,0,-1,0,1148.148, ,3011459253, ,-1,3,N,-1,1462,4,0,01/12/2024,31/12/2024
8222,PAPAS FRITAS TRYMS KETTLE ACANALADAS BARBACOA X 60GR,,3,67,296,0,0,1550.0,2025-01-14,PAPAS FRITAS TRYMS KETTLE ACANALADAS BARBACOA X 60GR,N,1,1,5,0,2025-01-14,*,N,0,-1,0,1148.148, ,3011459254, ,-1,3,N,-1,1462,4,0,01/12/2024,31/12/2024
8223,NACHOS TRYMS CLÁSICOS SIN TACC X170GR,,3,67,296,0,0,2150.0,2025-01-14,NACHOS TRYMS CLÁSICOS SIN TACC X170GR,N,1,1,5,0,2025-01-14,*,N,0,-1,0,1592.594, ,3011459255, ,-1,3,N,-1,1462,4,0,01/12/2024,31/12/2024
8225,VINO ESPUMANTE SANTA JULIA DULCE X 750ML,,3,60,265,0,0,10710.32,2025-01-13,VINO ESPUMANTE SANTA JULIA DULCE X 750ML,N,1,1,5,0,2025-01-13,*,N,0,-1,0,7140.21, ,3011459449, ,-1,3,N,-1,1456,4,0,01/12/2024,31/12/2024
8226,VINO ESPUMANTE SANTA JULIA CLASIC CUVEE X 750ML,,3,60,265,0,0,10395.59,2025-01-13,VINO ESPUMANTE SANTA JULIA CLASIC CUVEE X 750ML,N,1,1,5,0,2025-01-13,*,N,0,-1,0,5775.33, ,3011459450, ,-1,3,N,-1,1456,4,0,01/12/2024,31/12/2024
8227,VINO ALAMBRADO BLANCO BLANC DE BLANCS X 750ML,,3,60,266,0,0,13950.82,2025-01-13,VINO ALAMBRADO BLANCO BLANC DE BLANCS X 750ML,N,1,1,5,0,2025-01-13,*,N,0,-1,0,6975.408, ,3011459451, ,-1,3,N,-1,1456,4,0,01/12/2024,31/12/2024
8228,VINO SANTA JULIA TEXTUAL IN ALB X 750ML,,3,60,266,0,0,13249.98,2025-01-13,VINO SANTA JULIA TEXTUAL IN ALB X 750ML,N,1,1,5,0,2025-01-13,*,N,0,-1,0,7280.57, ,3011459452, ,-1,3,N,-1,1456,4,0,01/12/2024,31/12/2024
8229,VINO ZUCCARDI SERIE A CHARDONNAY-VIOG X 750ML,,3,60,266,0,0,14000.0,2025-01-13,VINO ZUCCARDI SERIE A CHARDONNAY-VIOG X 750ML,N,1,1,5,0,2025-01-13,*,N,0,-1,0,7691.97, ,3011459453, ,-1,3,N,-1,1456,4,0,01/12/2024,31/12/2024
8230,VINO ALAMBRADO CHADONNAY X 750ML,,3,60,266,0,0,8150.56,2025-01-13,VINO ALAMBRADO CHADONNAY X 750ML,N,1,1,5,0,2025-01-13,*,N,0,-1,0,4075.28, ,3011459454, ,-1,3,N,-1,1456,4,0,01/12/2024,31/12/2024
8231,VINO SANTA JULIA CHARDONNAY X 750ML,,3,60,266,0,0,4900.0,2025-01-13,VINO SANTA JULIA CHARDONNAY X 750ML,N,1,1,5,0,2025-01-13,*,N,0,-1,0,2692.25, ,3011459455, ,-1,3,N,-1,1456,4,0,01/12/2024,31/12/2024
8232,VINO SANTA JULIA CHARDONNAY RESERVA X 750ML,,3,60,266,0,0,7199.98,2025-01-13,VINO SANTA JULIA CHARDONNAY RESERVA X 750ML,N,1,1,5,0,2025-01-13,*,N,0,-1,0,3955.49, ,3011459456, ,-1,3,N,-1,1456,4,0,01/12/2024,31/12/2024
8233,VINO SJ LA MANTIS PET NATURAL X 750ML,,3,60,266,0,0,16000.04,2025-01-13,VINO SJ LA MANTIS PET NATURAL X 750ML,N,1,1,5,0,2025-01-13,*,N,0,-1,0,8790.65, ,3011459457, ,-1,3,N,-1,1456,4,0,01/12/2024,31/12/2024
8234,VINO TENSION RIBERA CHARDONNAY SEMILLON X 750ML,,3,60,266,0,0,8100.0,2025-01-13,VINO TENSION RIBERA CHARDONNAY SEMILLON X 750ML,N,1,1,5,0,2025-01-13,*,N,0,-1,0,4450.38, ,3011459458, ,-1,3,N,-1,1456,4,0,01/12/2024,31/12/2024
8236,VINO SANTA JULIA CHENIN DULCE X 330ML,,3,60,266,0,0,2950.01,2025-01-13,VINO SANTA JULIA CHENIN DULCE X 330ML,N,1,1,5,0,2025-01-13,*,N,0,-1,0,1621.4, ,3011459461, ,-1,3,N,-1,1456,4,0,01/12/2024,31/12/2024
8238,VINO SANTA JULIA SAUVIGNON BLANC X 750ML,,3,60,266,0,0,4900.0,2025-01-13,VINO SANTA JULIA SAUVIGNON BLANC X 750ML,N,1,1,5,0,2025-01-13,*,N,0,-1,0,2692.25, ,3011459464, ,-1,3,N,-1,1456,4,0,01/12/2024,31/12/2024
8239,VINO SANTA JULIA TARDIO X 500ML,,3,60,266,0,0,6099.99,2025-01-13,VINO SANTA JULIA TARDIO X 500ML,N,1,1,5,0,2025-01-13,*,N,0,-1,0,3351.7, ,3011459465, ,-1,3,N,-1,1456,4,0,01/12/2024,31/12/2024
8240,VINO SANTA JULIA TORRONTES X 750ML,,3,60,266,0,0,4900.0,2025-01-13,VINO SANTA JULIA TORRONTES X 750ML,N,1,1,5,0,2025-01-13,*,N,0,-1,0,2692.25, ,3011459467, ,-1,3,N,-1,1456,4,0,01/12/2024,31/12/2024
8241,VINO ZUCCARDI SERIE A TORR X 750ML,,3,60,266,0,0,14000.0,2025-01-13,VINO ZUCCARDI SERIE A TORR X 750ML,N,1,1,5,0,2025-01-13,*,N,0,-1,0,7691.97, ,3011459468, ,-1,3,N,-1,1456,4,0,01/12/2024,31/12/2024
8242,VINO MALAMADO VIOGNIER FORTIFICADO X 750ML,,3,60,266,0,0,19800.04,2025-01-13,VINO MALAMADO VIOGNIER FORTIFICADO X 750ML,N,1,1,5,0,2025-01-13,*,N,0,-1,0,9900.22, ,3011459470, ,-1,3,N,-1,1456,4,0,01/12/2024,31/12/2024
8243,VINO SANTA JULIA VIOGNIER X 750ML,,3,60,266,0,0,4900.0,2025-01-13,VINO SANTA JULIA VIOGNIER X 750ML,N,1,1,5,0,2025-01-13,*,N,0,-1,0,2692.25, ,3011459471, ,-1,3,N,-1,1456,4,0,01/12/2024,31/12/2024
8244,VINO ALAMBRADO PINOT ROSE X 750ML,,3,60,266,0,0,13950.0,2025-01-13,VINO ALAMBRADO PINOT ROSE X 750ML,N,1,1,5,0,2025-01-13,*,N,0,-1,0,6974.44, ,3011459472, ,-1,3,N,-1,1456,4,0,01/12/2024,31/12/2024
8245,VINO SANTA JULIA SYRAH ROSE X750ML,,3,60,266,0,0,4900.0,2025-01-13,VINO SANTA JULIA SYRAH ROSE X750ML,N,1,1,5,0,2025-01-13,*,N,0,-1,0,2692.25, ,3011459473, ,-1,3,N,-1,1456,4,0,01/12/2024,31/12/2024
8246,VINO SANTA JULIA CABER FRANC-MALBEC RESERVA X 750ML,,3,60,266,0,0,4900.0,2025-01-13,VINO SANTA JULIA CABER FRANC-MALBEC RESERVA X 750ML,N,1,1,5,0,2025-01-13,*,N,0,-1,0,2692.25, ,3011459474, ,-1,3,N,-1,1456,4,0,01/12/2024,31/12/2024
8247,VINO SANTA JULIA MAGNA CORTE X 750ML,,3,60,266,0,0,9600.02,2025-01-13,VINO SANTA JULIA MAGNA CORTE X 750ML,N,1,1,5,0,2025-01-13,*,N,0,-1,0,5274.39, ,3011459475, ,-1,3,N,-1,1456,4,0,01/12/2024,31/12/2024
8248,VINO SANTA JULIA TEXTUAL IN CALAD X 750ML,,3,60,266,0,0,13249.98,2025-01-13,VINO SANTA JULIA TEXTUAL IN CALAD X 750ML,N,1,1,5,0,2025-01-13,*,N,0,-1,0,7280.57, ,3011459476, ,-1,3,N,-1,1456,4,0,01/12/2024,31/12/2024
8249,VINO SANTA JULIA TEXTUAL IN CAR X 750ML,,3,60,266,0,0,13249.98,2025-01-13,VINO SANTA JULIA TEXTUAL IN CAR X 750ML,N,1,1,5,0,2025-01-13,*,N,0,-1,0,7280.57, ,3011459477, ,-1,3,N,-1,1456,4,0,01/12/2024,31/12/2024
8250,VINO TENSION RIBERA CABERNET SAUV FR X 750ML,,3,60,266,0,0,8100.0,2025-01-13,VINO TENSION RIBERA CABERNET SAUV FR X 750ML,N,1,1,5,0,2025-01-13,*,N,0,-1,0,4450.38, ,3011459478, ,-1,3,N,-1,1456,4,0,01/12/2024,31/12/2024
8251,VINO ZUCCARDI BRAZOS RED BLEND X 750ML,,3,60,266,0,0,11500.01,2025-01-13,VINO ZUCCARDI BRAZOS RED BLEND X 750ML,N,1,1,5,0,2025-01-13,*,N,0,-1,0,6318.62, ,3011459479, ,-1,3,N,-1,1456,4,0,01/12/2024,31/12/2024
8252,VINO ZUCCARDI SERIE A BONARDA,,3,60,266,0,0,14000.0,2025-01-13,VINO ZUCCARDI SERIE A BONARDA,N,1,1,5,0,2025-01-13,*,N,0,-1,0,7691.97, ,3011459480, ,-1,3,N,-1,1456,4,0,01/12/2024,31/12/2024
8253,VINO ALAMBRADA CABERNET SAUV X 750ML,,3,60,266,0,0,8150.56,2025-01-13,VINO ALAMBRADA CABERNET SAUV X 750ML,N,1,1,5,0,2025-01-13,*,N,0,-1,0,4075.28, ,3011459481, ,-1,3,N,-1,1456,4,0,01/12/2024,31/12/2024
8254,VINO GRAN ALAMBRADO CABERNET X 750ML,,3,60,266,0,0,10800.22,2025-01-13,VINO GRAN ALAMBRADO CABERNET X 750ML,N,1,1,5,0,2025-01-13,*,N,0,-1,0,5400.109, ,3011459482, ,-1,3,N,-1,1456,4,0,01/12/2024,31/12/2024
8255,VINO SANTA JULIA CABERNET SAUV RESERVA X 750ML,,3,60,266,0,0,7199.98,2025-01-13,VINO SANTA JULIA CABERNET SAUV RESERVA X 750ML,N,1,1,5,0,2025-01-13,*,N,0,-1,0,3955.49, ,3011459483, ,-1,3,N,-1,1456,4,0,01/12/2024,31/12/2024
8256,VINO SANTA JULIA CABERNET FRANC X 750ML,,3,60,266,0,0,4900.0,2025-01-13,VINO SANTA JULIA CABERNET FRANC X 750ML,N,1,1,5,0,2025-01-13,*,N,0,-1,0,2692.25, ,3011459484, ,-1,3,N,-1,1456,4,0,01/12/2024,31/12/2024
8257,VINO SANTA JULIA CABERNET SAUV X 750ML,,3,60,266,0,0,4900.0,2025-01-13,VINO SANTA JULIA CABERNET SAUV X 750ML,N,1,1,5,0,2025-01-13,*,N,0,-1,0,2692.25, ,3011459485, ,-1,3,N,-1,1456,4,0,01/12/2024,31/12/2024
8258,VINO SANTA JULIA MAGNA CABERNET X 750ML,,3,60,266,0,0,9600.02,2025-01-13,VINO SANTA JULIA MAGNA CABERNET X 750ML,N,1,1,5,0,2025-01-13,*,N,0,-1,0,5274.39, ,3011459486, ,-1,3,N,-1,1456,4,0,01/12/2024,31/12/2024
8259,VINO ZUCCARDI Q CABERNET SAUV X 750ML,,3,60,266,0,0,22500.0,2025-01-13,VINO ZUCCARDI Q CABERNET SAUV X 750ML,N,1,1,5,0,2025-01-13,*,N,0,-1,0,12362.57, ,3011459487, ,-1,3,N,-1,1456,4,0,01/12/2024,31/12/2024
8260,VINO ALAMBRADO CABERNET FRANC X 750ML,,3,60,266,0,0,8150.56,2025-01-13,VINO ALAMBRADO CABERNET FRANC X 750ML,N,1,1,5,0,2025-01-13,*,N,0,-1,0,4075.28, ,3011459488, ,-1,3,N,-1,1456,4,0,01/12/2024,31/12/2024
8261,VINO ZUCCARDI Q CABERNET FRANC C20 X 750ML,,3,60,266,0,0,22500.0,2025-01-13,VINO ZUCCARDI Q CABERNET FRANC C20 X 750ML,N,1,1,5,0,2025-01-13,*,N,0,-1,0,12362.57, ,3011459489, ,-1,3,N,-1,1456,4,0,01/12/2024,31/12/2024
8263,VINO SANTA JULIA TINTO DULCE X 750ML,,3,60,266,0,0,5899.99,2025-01-13,VINO SANTA JULIA TINTO DULCE X 750ML,N,1,1,5,0,2025-01-13,*,N,0,-1,0,3241.59, ,3011459491, ,-1,3,N,-1,1456,4,0,01/12/2024,31/12/2024
8264,VINO ALAMBRADO MALBEC X 750ML,,3,60,266,0,0,8150.56,2025-01-13,VINO ALAMBRADO MALBEC X 750ML,N,1,1,5,0,2025-01-13,*,N,0,-1,0,4075.28, ,3011459492, ,-1,3,N,-1,1456,4,0,01/12/2024,31/12/2024
8265,VINO EL BURRO MALBEC X 750ML,,3,60,266,0,0,16001.04,2025-01-13,VINO EL BURRO MALBEC X 750ML,N,1,1,5,0,2025-01-13,*,N,0,-1,0,8000.52, ,3011459493, ,-1,3,N,-1,1456,4,0,01/12/2024,31/12/2024
8266,VINO GRAN ALAMBRADO MALBEC X 750ML,,3,60,266,0,0,10800.46,2025-01-13,VINO GRAN ALAMBRADO MALBEC X 750ML,N,1,1,5,0,2025-01-13,*,N,0,-1,0,5400.23, ,3011459498, ,-1,3,N,-1,1456,4,0,01/12/2024,31/12/2024
8267,VINO MALAMADO MALBEC FORTIFICADO X 750ML,,3,60,266,0,0,19800.04,2025-01-13,VINO MALAMADO MALBEC FORTIFICADO X 750ML,N,1,1,5,0,2025-01-13,*,N,0,-1,0,9900.22, ,3011459499, ,-1,3,N,-1,1456,4,0,01/12/2024,31/12/2024
8268,VINO DEL MERCADO MALBEC X 750ML,,3,60,266,0,0,8910.2,2025-01-13,VINO DEL MERCADO MALBEC X 750ML,N,1,1,5,0,2025-01-13,*,N,0,-1,0,4950.11, ,3011459500, ,-1,3,N,-1,1456,4,0,01/12/2024,31/12/2024
8271,VINO SANTA JULIA MAGNA MALBEC X 750ML,,3,60,266,0,0,9600.02,2025-01-13,VINO SANTA JULIA MAGNA MALBEC X 750ML,N,1,1,5,0,2025-01-13,*,N,0,-1,0,5274.39, ,3011459504, ,-1,3,N,-1,1456,4,0,01/12/2024,31/12/2024
8272,VINO SANTA JULIA MALBEC X 750ML,,3,60,266,0,0,4900.0,2025-01-13,VINO SANTA JULIA MALBEC X 750ML,N,1,1,5,0,2025-01-13,*,N,0,-1,0,2692.25, ,3011459505, ,-1,3,N,-1,1456,4,0,01/12/2024,31/12/2024
8273,VINO SANTA JULIA RESERVA MALBEC X 750ML,,3,60,266,0,0,7199.98,2025-01-13,VINO SANTA JULIA RESERVA MALBEC X 750ML,N,1,1,5,0,2025-01-13,*,N,0,-1,0,3955.49, ,3011459506, ,-1,3,N,-1,1456,4,0,01/12/2024,31/12/2024
8274,VINO ZUCCARDI SERIE A MALBEC X 750ML,,3,60,266,0,0,14000.0,2025-01-13,VINO ZUCCARDI SERIE A MALBEC X 750ML,N,1,1,5,0,2025-01-13,*,N,0,-1,0,7691.97, ,3011459507, ,-1,3,N,-1,1456,4,0,01/12/2024,31/12/2024
8276,VINO ZUCCARDI SERIE A MALBEC X 375ML,,3,60,266,0,0,8300.0,2025-01-13,VINO ZUCCARDI SERIE A MALBEC X 375ML,N,1,1,5,0,2025-01-13,*,N,0,-1,0,4560.49, ,3011459510, ,-1,3,N,-1,1456,4,0,01/12/2024,31/12/2024
8277,VINO GRAN ALAMBRADO MALBEC- CABERNET X 750ML,,3,60,266,0,0,10800.46,2025-01-13,VINO GRAN ALAMBRADO MALBEC- CABERNET X 750ML,N,1,1,5,0,2025-01-13,*,N,0,-1,0,5400.23, ,3011459512, ,-1,3,N,-1,1456,4,0,01/12/2024,31/12/2024
8278,VINO SANTA JULIA MERLOT X 750ML,,3,60,266,0,0,4900.0,2025-01-13,VINO SANTA JULIA MERLOT X 750ML,N,1,1,5,0,2025-01-13,*,N,0,-1,0,2692.25, ,3011459513, ,-1,3,N,-1,1456,4,0,01/12/2024,31/12/2024
8279,VINO SANTA JULIA PINOT NOIR X 750ML,,3,60,266,0,0,4900.0,2025-01-13,VINO SANTA JULIA PINOT NOIR X 750ML,N,1,1,5,0,2025-01-13,*,N,0,-1,0,2692.25, ,3011459515, ,-1,3,N,-1,1456,4,0,01/12/2024,31/12/2024
8280,VINO SANTA JULIA SYRAH X 750ML,,3,60,266,0,0,4900.0,2025-01-13,VINO SANTA JULIA SYRAH X 750ML,N,1,1,5,0,2025-01-13,*,N,0,-1,0,2692.25, ,3011459518, ,-1,3,N,-1,1456,4,0,01/12/2024,31/12/2024
8281,VINO SANTA JULIA RESERVA TEMPR X 750ML,,3,60,266,0,0,7199.98,2025-01-13,VINO SANTA JULIA RESERVA TEMPR X 750ML,N,1,1,5,0,2025-01-13,*,N,0,-1,0,3955.49, ,3011459519, ,-1,3,N,-1,1456,4,0,01/12/2024,31/12/2024
8283,VINO ZUCCARDI Q TEMPRANILLO X 750ML,,3,60,266,0,0,22500.0,2025-01-13,VINO ZUCCARDI Q TEMPRANILLO X 750ML,N,1,1,5,0,2025-01-13,*,N,0,-1,0,12362.57, ,3011459521, ,-1,3,N,-1,1456,4,0,01/12/2024,31/12/2024
8284,VINO TENSION RIBERA MAL PETIT VERDOT X 750ML,,3,60,266,0,0,8100.0,2025-01-13,VINO TENSION RIBERA MAL PETIT VERDOT X 750ML,N,1,1,5,0,2025-01-13,*,N,0,-1,0,4450.38, ,3011459522, ,-1,3,N,-1,1456,4,0,01/12/2024,31/12/2024
8285,VINO SANTA JULIA MALBEC ROSE LATA X 269ML,,3,60,266,0,0,2400.0,2025-01-13,VINO SANTA JULIA MALBEC ROSE LATA X 269ML,N,1,1,5,0,2025-01-13,*,N,0,-1,0,1318.9, ,3011459523, ,-1,3,N,-1,1456,4,0,01/12/2024,31/12/2024
8286,GASEOSA COCA-COLA LATA X 220ML,,3,63,263,0,0,800.0,2025-01-13,GASEOSA COCA-COLA LATA X 220ML,N,1,1,5,0,2025-01-13,*,N,0,-1,0,592.598, ,3011459604, ,-1,3,N,-1,1155,4,719,01/12/2024,31/12/2024
8287,AGUA TONICA SCHWEPPES LATA X 310ML,,3,63,263,0,0,1000.0,2025-01-13,AGUA TONICA SCHWEPPES LATA X 310ML,N,1,1,5,0,2025-01-13,*,N,0,-1,0,689.652, ,3011459605, ,-1,3,N,-1,1155,4,839,01/12/2024,31/12/2024
8288,VINO BLANCO OTRO LOCO MAS ICE X 750ML,,3,60,266,0,0,4101.03,2025-01-13,VINO BLANCO OTRO LOCO MAS ICE X 750ML,N,1,1,5,0,2025-01-13,*,N,0,-1,0,2971.76, ,3011459902, ,-1,3,N,-1,1457,4,0,01/12/2024,31/12/2024
8290,VINO SALENTEIN RESERVA CABERNET FRANC 2022 X 750 ML,,3,60,266,0,0,12529.99,2025-01-13,VINO SALENTEIN RESERVA CABERNET FRANC 2022 X 750 ML,N,1,1,5,0,2025-01-13,*,N,0,-1,0,6884.61, ,3011460004, ,-1,3,N,-1,1406,4,0,01/12/2024,31/12/2024
8291,VINO ANDELUNA ALTITUD CHARDONNAY X 750ML,,3,60,266,0,0,11449.99,2025-01-13,VINO ANDELUNA ALTITUD CHARDONNAY X 750ML,N,1,1,5,0,2025-01-13,*,N,0,-1,0,5724.994, ,3011460078, ,-1,3,N,-1,1222,4,0,01/12/2024,31/12/2024
8292,VINO LAS PERDICES LOGIA MALBEC BLANC X 750ML,,3,60,266,0,0,22000.01,2025-01-13,VINO LAS PERDICES LOGIA MALBEC BLANC X 750ML,N,1,1,5,0,2025-01-13,*,N,0,-1,0,14285.72, ,3011460079, ,-1,3,N,-1,1222,4,0,01/12/2024,31/12/2024
8293,VINO LAS PERDICES ALA COLORADA TANAT X 750ML,,3,60,266,0,0,14499.99,2025-01-13,VINO LAS PERDICES ALA COLORADA TANAT X 750ML,N,1,1,5,0,2025-01-13,*,N,0,-1,0,9415.579, ,3011460080, ,-1,3,N,-1,1222,4,0,01/12/2024,31/12/2024
8294,VINO LAS PERDICES VARIETAL RED BLEND X 750ML,,3,60,266,0,0,7199.99,2025-01-13,VINO LAS PERDICES VARIETAL RED BLEND X 750ML,N,1,1,5,0,2025-01-13,*,N,0,-1,0,4675.319, ,3011460081, ,-1,3,N,-1,1222,4,0,01/12/2024,31/12/2024
8295,VINO ANDELUNA 1300 CABERNET X 750ML,,3,60,266,0,0,7440.0,2025-01-13,VINO ANDELUNA 1300 CABERNET X 750ML,N,1,1,5,0,2025-01-13,*,N,0,-1,0,3720.0, ,3011460082, ,-1,3,N,-1,1222,4,0,01/12/2024,31/12/2024
8296,VINO ANDELUNA ALTITUD CABERNET X 750ML,,3,60,266,0,0,11449.99,2025-01-13,VINO ANDELUNA ALTITUD CABERNET X 750ML,N,1,1,5,0,2025-01-13,*,N,0,-1,0,5724.994, ,3011460083, ,-1,3,N,-1,1222,4,0,01/12/2024,31/12/2024
8297,VINO LAS PERDICES PARTRIDGE CABERNET X 750ML,,3,60,266,0,0,5200.0,2025-01-13,VINO LAS PERDICES PARTRIDGE CABERNET X 750ML,N,1,1,5,0,2025-01-13,*,N,0,-1,0,3376.626, ,3011460084, ,-1,3,N,-1,1222,4,0,01/12/2024,31/12/2024
8299,VINO LAS PERDICES VARIETAL SAUVIGNON BLANC X 750ML,,3,60,266,0,0,7199.99,2025-01-13,VINO LAS PERDICES VARIETAL SAUVIGNON BLANC X 750ML,N,1,1,5,0,2025-01-13,*,N,0,-1,0,4675.319, ,3011460086, ,-1,3,N,-1,1222,4,0,01/12/2024,31/12/2024
8300,VINO PENEDO BORGES CEPAS CABERNET SAUVIGNON X 750ML,,3,60,266,0,0,12000.0,2025-01-13,VINO PENEDO BORGES CEPAS CABERNET SAUVIGNON X 750ML,N,1,1,5,0,2025-01-13,*,N,0,-1,0,7792.206, ,3011460087, ,-1,3,N,-1,1222,4,0,01/12/2024,31/12/2024
8301,VINO PENEDO BORGES CEPAS CABERNET FRANC X 750ML,,3,60,266,0,0,12000.0,2025-01-13,VINO PENEDO BORGES CEPAS CABERNET FRANC X 750ML,N,1,1,5,0,2025-01-13,*,N,0,-1,0,7792.206, ,3011460088, ,-1,3,N,-1,1222,4,0,01/12/2024,31/12/2024
8302,VINO LAS PERDICES ALA COLORADA CABERNET FRANC X 750ML,,3,60,266,0,0,14499.99,2025-01-13,VINO LAS PERDICES ALA COLORADA CABERNET FRANC X 750ML,N,1,1,5,0,2025-01-13,*,N,0,-1,0,9415.579, ,3011460089, ,-1,3,N,-1,1222,4,0,01/12/2024,31/12/2024
8303,VINO ANDELUNA 1300 MALBEC X 750ML,,3,60,266,0,0,7440.0,2025-01-13,VINO ANDELUNA 1300 MALBEC X 750ML,N,1,1,5,0,2025-01-13,*,N,0,-1,0,3720.0, ,3011460090, ,-1,3,N,-1,1222,4,0,01/12/2024,31/12/2024
8304,VINO ANDELUNA ALTITUD MALBEC X 750ML,,3,60,266,0,0,11449.99,2025-01-13,VINO ANDELUNA ALTITUD MALBEC X 750ML,N,1,1,5,0,2025-01-13,*,N,0,-1,0,5724.994, ,3011460091, ,-1,3,N,-1,1222,4,0,01/12/2024,31/12/2024
8305,VINO LAS PERDICES BIB MALBEC X 3LT,,3,60,266,0,0,21599.99,2025-01-13,VINO LAS PERDICES BIB MALBEC X 3LT,N,1,1,5,0,2025-01-13,*,N,0,-1,0,14025.969, ,3011460092, ,-1,3,N,-1,1222,4,0,01/12/2024,31/12/2024
8307,VINO LAS PERDICES PARTRIDGE MALBEC X 750ML,,3,60,266,0,0,5200.0,2025-01-13,VINO LAS PERDICES PARTRIDGE MALBEC X 750ML,N,1,1,5,0,2025-01-13,*,N,0,-1,0,3376.626, ,3011460094, ,-1,3,N,-1,1222,4,0,01/12/2024,31/12/2024
8308,VINO LAS PERDICES RESERVA MALBEC X 750ML,,3,60,266,0,0,11000.0,2025-01-13,VINO LAS PERDICES RESERVA MALBEC X 750ML,N,1,1,5,0,2025-01-13,*,N,0,-1,0,7142.86, ,3011460095, ,-1,3,N,-1,1222,4,0,01/12/2024,31/12/2024
8309,VINO LAS PERDICES VARIETAL MALBEC X 750ML,,3,60,266,0,0,7199.99,2025-01-13,VINO LAS PERDICES VARIETAL MALBEC X 750ML,N,1,1,5,0,2025-01-13,*,N,0,-1,0,4675.319, ,3011460096, ,-1,3,N,-1,1222,4,0,01/12/2024,31/12/2024
8310,VINO PENEDO BORGES CEPAS MALBEC X 750ML,,3,60,266,0,0,12000.0,2025-01-13,VINO PENEDO BORGES CEPAS MALBEC X 750ML,N,1,1,5,0,2025-01-13,*,N,0,-1,0,7792.206, ,3011460097, ,-1,3,N,-1,1222,4,0,01/12/2024,31/12/2024
8312,"AGUA SABORIZADA AQUARIUS POMELO X 1,5L",,3,63,288,0,0,2300.01,2025-01-13,"AGUA SABORIZADA AQUARIUS POMELO X 1,5L",N,1,1,5,0,2025-01-13,*,N,0,-1,0,1586.201, ,3011460172, ,-1,3,N,-1,1155,4,0,01/12/2024,31/12/2024
8313,"AGUA SABORIZADA AQUARIUS PERA X 1,5L",,3,63,288,0,0,2300.01,2025-01-13,"AGUA SABORIZADA AQUARIUS PERA X 1,5L",N,1,1,5,0,2025-01-13,*,N,0,-1,0,1586.201, ,3011460173, ,-1,3,N,-1,1155,4,0,01/12/2024,31/12/2024
8314,"AGUA SABORIZADA AQUARIUS NARANJA X 1,5L",,3,63,288,0,0,2300.01,2025-01-13,"AGUA SABORIZADA AQUARIUS NARANJA X 1,5L",N,1,1,5,0,2025-01-13,*,N,0,-1,0,1586.201, ,3011460174, ,-1,3,N,-1,1155,4,0,01/12/2024,31/12/2024
8315,"AGUA SABORIZADA AQUARIUS MANZANA X 1,5L",,3,63,288,0,0,2300.01,2025-01-13,"AGUA SABORIZADA AQUARIUS MANZANA X 1,5L",N,1,1,5,0,2025-01-13,*,N,0,-1,0,1586.201, ,3011460175, ,-1,3,N,-1,1155,4,0,01/12/2024,31/12/2024
8316,GASEOSA COCA-COLA RETORNABLE X 2L,,3,63,263,0,0,2400.0,2025-01-13,GASEOSA COCA-COLA RETORNABLE X 2L,N,1,1,5,0,2025-01-13,*,N,0,-1,0,1777.78, ,3011460176, ,-1,3,N,-1,1155,4,0,01/12/2024,31/12/2024
8317,GASEOSA COCA-COLA ZERO RETORNABLE X 2L,,3,63,263,0,0,2400.0,2025-01-13,GASEOSA COCA-COLA ZERO RETORNABLE X 2L,N,1,1,5,0,2025-01-13,*,N,0,-1,0,1777.78, ,3011460177, ,-1,3,N,-1,1155,4,0,01/12/2024,31/12/2024
8318,"AGUA TONICA SCHWEPPES X 1,5L",,3,63,263,0,0,2599.99,2025-01-13,"AGUA TONICA SCHWEPPES X 1,5L",N,1,1,5,0,2025-01-13,*,N,0,-1,0,1793.099, ,3011460178, ,-1,3,N,-1,1155,4,0,01/12/2024,31/12/2024
8319,"GASEOSA SCHWEPPES ZERO POMELO X 2,25L",,3,63,263,0,0,3500.0,2025-01-13,"GASEOSA SCHWEPPES ZERO POMELO X 2,25L",N,1,1,5,0,2025-01-13,*,N,0,-1,0,2592.594, ,3011460179, ,-1,3,N,-1,1155,4,0,01/12/2024,31/12/2024
8320,"GASEOSA SCHWEPPES CITRUS X 1,5L",,3,63,263,0,0,2599.99,2025-01-13,"GASEOSA SCHWEPPES CITRUS X 1,5L",N,1,1,5,0,2025-01-13,*,N,0,-1,0,1925.921, ,3011460180, ,-1,3,N,-1,1155,4,0,01/12/2024,31/12/2024
8321,"GASEOSA FANTA NARANJA X 1,5L",,3,63,263,0,0,2599.99,2025-01-13,"GASEOSA FANTA NARANJA X 1,5L",N,1,1,5,0,2025-01-13,*,N,0,-1,0,1925.921, ,3011460181, ,-1,3,N,-1,1155,4,0,01/12/2024,31/12/2024
8322,"GASEOSA FANTA NARANJA X 2,25L",,3,63,263,0,0,3500.0,2025-01-13,"GASEOSA FANTA NARANJA X 2,25L",N,1,1,5,0,2025-01-13,*,N,0,-1,0,2592.594, ,3011460182, ,-1,3,N,-1,1155,4,0,01/12/2024,31/12/2024
8323,GASEOSA FANTA NARANJA RETORNABLE X 2L,,3,63,263,0,0,2400.0,2025-01-13,GASEOSA FANTA NARANJA RETORNABLE X 2L,N,1,1,5,0,2025-01-13,*,N,0,-1,0,1777.78, ,3011460183, ,-1,3,N,-1,1155,4,0,01/12/2024,31/12/2024
8324,"GASEOSA SPRITE X 2,25L",,3,63,263,0,0,3500.0,2025-01-13,"GASEOSA SPRITE X 2,25L",N,1,1,5,0,2025-01-13,*,N,0,-1,0,2592.594, ,3011460184, ,-1,3,N,-1,1155,4,0,01/12/2024,31/12/2024
8325,GASEOSA SPRITE RETORNABLE X 2L,,3,63,263,0,0,2400.0,2025-01-13,GASEOSA SPRITE RETORNABLE X 2L,N,1,1,5,0,2025-01-13,*,N,0,-1,0,1777.78, ,3011460185, ,-1,3,N,-1,1155,4,0,01/12/2024,31/12/2024
8326,"GASEOSA SPRITE ZERO X 1,5L",,3,63,263,0,0,2599.99,2025-01-13,"GASEOSA SPRITE ZERO X 1,5L",N,1,1,5,0,2025-01-13,*,N,0,-1,0,1925.921, ,3011460186, ,-1,3,N,-1,1155,4,0,01/12/2024,31/12/2024
8327,"GASEOSA SPRITE ZERO X 2,25L",,3,63,263,0,0,3500.0,2025-01-13,"GASEOSA SPRITE ZERO X 2,25L",N,1,1,5,0,2025-01-13,*,N,0,-1,0,2592.594, ,3011460187, ,-1,3,N,-1,1155,4,0,01/12/2024,31/12/2024
8328,BEBIDA ENERGIZANTE MONSTER MANGO LOCO X 473ML,,3,63,289,0,0,2200.0,2025-01-13,BEBIDA ENERGIZANTE MONSTER MANGO LOCO X 473ML,N,1,1,5,0,2025-01-13,*,N,0,-1,0,1517.243, ,3011460188, ,-1,3,N,-1,1155,4,0,01/12/2024,31/12/2024
8329,BEBIDA ENERGIZANTE MONSTER ENERGY GREEN X 473ML,,3,63,289,0,0,2200.0,2025-01-13,BEBIDA ENERGIZANTE MONSTER ENERGY GREEN X 473ML,N,1,1,5,0,2025-01-13,*,N,0,-1,0,1517.243, ,3011460189, ,-1,3,N,-1,1155,4,0,01/12/2024,31/12/2024
8330,BEBIDA ENERGIZANTE MONSTER ZERO ENERGY GREEN X 473ML,,3,63,289,0,0,2200.0,2025-01-13,BEBIDA ENERGIZANTE MONSTER ZERO ENERGY GREEN X 473ML,N,1,1,5,0,2025-01-13,*,N,0,-1,0,1517.243, ,3011460190, ,-1,3,N,-1,1155,4,0,01/12/2024,31/12/2024
8331,BEBIDA ENERGIZANTE MONSTER PINEAPLE X 473ML,,3,63,289,0,0,2200.0,2025-01-13,BEBIDA ENERGIZANTE MONSTER PINEAPLE X 473ML,N,1,1,5,0,2025-01-13,*,N,0,-1,0,1517.243, ,3011460191, ,-1,3,N,-1,1155,4,0,01/12/2024,31/12/2024
8332,BEBIDA ENERGIZANTE MONSTER ULTRA PARADISE X 473ML,,3,63,289,0,0,2200.0,2025-01-13,BEBIDA ENERGIZANTE MONSTER ULTRA PARADISE X 473ML,N,1,1,5,0,2025-01-13,*,N,0,-1,0,1517.243, ,3011460192, ,-1,3,N,-1,1155,4,0,01/12/2024,31/12/2024
8333,BEBIDA ENERGIZANTE MONSTER ULTRA WATERMELON X 473ML,,3,63,289,0,0,2200.0,2025-01-13,BEBIDA ENERGIZANTE MONSTER ULTRA WATERMELON X 473ML,N,1,1,5,0,2025-01-13,*,N,0,-1,0,1517.243, ,3011460193, ,-1,3,N,-1,1155,4,0,01/12/2024,31/12/2024
8334,BEBIDA ENERGIZANTE MONSTER VALENTINO ROSSI X 473ML,,3,63,289,0,0,2200.0,2025-01-13,BEBIDA ENERGIZANTE MONSTER VALENTINO ROSSI X 473ML,N,1,1,5,0,2025-01-13,*,N,0,-1,0,1517.243, ,3011460194, ,-1,3,N,-1,1155,4,0,01/12/2024,31/12/2024
8335,JUGO ADES MANZANA X 1L,,3,63,271,0,0,2200.0,2025-01-13,JUGO ADES MANZANA X 1L,N,1,1,5,0,2025-01-13,*,N,0,-1,0,1517.243, ,3011460195, ,-1,3,N,-1,1155,4,0,01/12/2024,31/12/2024
8336,JUGO ADES TROPICAL X 1L,,3,63,271,0,0,2200.0,2025-01-13,JUGO ADES TROPICAL X 1L,N,1,1,5,0,2025-01-13,*,N,0,-1,0,1517.243, ,3011460196, ,-1,3,N,-1,1155,4,0,01/12/2024,31/12/2024
8337,JUGO ADES DURAZNO X 1L,,3,63,271,0,0,2200.0,2025-01-13,JUGO ADES DURAZNO X 1L,N,1,1,5,0,2025-01-13,*,N,0,-1,0,1517.243, ,3011460197, ,-1,3,N,-1,1155,4,0,01/12/2024,31/12/2024
8338,JUGO ADES NARANJA X 1L,,3,63,271,0,0,2200.0,2025-01-13,JUGO ADES NARANJA X 1L,N,1,1,5,0,2025-01-13,*,N,0,-1,0,1517.243, ,3011460198, ,-1,3,N,-1,1155,4,0,01/12/2024,31/12/2024
8339,JUGO ADES ANANA X 1LX8,,3,63,271,0,0,2200.0,2025-01-13,JUGO ADES ANANA X 1LX8,N,1,1,5,0,2025-01-13,*,N,0,-1,0,1517.243, ,3011460199, ,-1,3,N,-1,1155,4,0,01/12/2024,31/12/2024
8340,JUGO ADES DURAZNO X 200ML,,3,63,271,0,0,800.0,2025-01-13,JUGO ADES DURAZNO X 200ML,N,1,1,5,0,2025-01-13,*,N,0,-1,0,551.724, ,3011460200, ,-1,3,N,-1,1155,4,0,01/12/2024,31/12/2024
8341,JUGO ADES NARANJA X 200ML,,3,63,271,0,0,800.0,2025-01-13,JUGO ADES NARANJA X 200ML,N,1,1,5,0,2025-01-13,*,N,0,-1,0,551.724, ,3011460201, ,-1,3,N,-1,1155,4,0,01/12/2024,31/12/2024
8342,JUGO ADES ANANA X 200ML,,3,63,271,0,0,800.0,2025-01-13,JUGO ADES ANANA X 200ML,N,1,1,5,0,2025-01-13,*,N,0,-1,0,551.724, ,3011460202, ,-1,3,N,-1,1155,4,0,01/12/2024,31/12/2024
8343,"JUGO CEPITA HF NARANJA TENTACION X 1,5L",,3,63,271,0,0,2500.0,2025-01-13,"JUGO CEPITA HF NARANJA TENTACION X 1,5L",N,1,1,5,0,2025-01-13,*,N,0,-1,0,1724.141, ,3011460203, ,-1,3,N,-1,1155,4,0,01/12/2024,31/12/2024
8344,"JUGO CEPITA HF DURAZNO DEL VALLE X 1,5L",,3,63,271,0,0,2500.0,2025-01-13,"JUGO CEPITA HF DURAZNO DEL VALLE X 1,5L",N,1,1,5,0,2025-01-13,*,N,0,-1,0,1724.141, ,3011460204, ,-1,3,N,-1,1155,4,0,01/12/2024,31/12/2024
8345,JUGO CEPITA HF NARANJA TENTACION X 1L,,3,63,271,0,0,1900.0,2025-01-13,JUGO CEPITA HF NARANJA TENTACION X 1L,N,1,1,5,0,2025-01-13,*,N,0,-1,0,1310.345, ,3011460205, ,-1,3,N,-1,1155,4,0,01/12/2024,31/12/2024
8346,JUGO CEPITA HF DURAZNO X 1L,,3,63,271,0,0,1900.0,2025-01-13,JUGO CEPITA HF DURAZNO X 1L,N,1,1,5,0,2025-01-13,*,N,0,-1,0,1310.345, ,3011460206, ,-1,3,N,-1,1155,4,0,01/12/2024,31/12/2024
8347,JUGO CEPITA HF DURAZNO DEL VALLE X 300ML,,3,63,271,0,0,1000.0,2025-01-13,JUGO CEPITA HF DURAZNO DEL VALLE X 300ML,N,1,1,5,0,2025-01-13,*,N,0,-1,0,689.652, ,3011460207, ,-1,3,N,-1,1155,4,0,01/12/2024,31/12/2024
8348,"AGUA MINERAL NESTLE BIDON X 6,3L",,3,63,288,0,0,2400.0,2025-01-13,"AGUA MINERAL NESTLE BIDON X 6,3L",N,1,1,5,0,2025-01-13,*,N,0,-1,0,1777.779, ,3011460247, ,-1,3,N,-1,1401,4,0,01/12/2024,31/12/2024
8349,GIN SCHWEPPES TONICA X 310ML,,3,60,258,0,0,2200.0,2025-01-13,GIN SCHWEPPES TONICA X 310ML,N,1,1,5,0,2025-01-13,*,N,0,-1,0,1692.306, ,3011460330, ,-1,3,N,-1,1155,4,0,01/12/2024,31/12/2024
8350,VODKA SCHWEPPES CITRUS X 310ML,,3,60,258,0,0,2200.0,2025-01-13,VODKA SCHWEPPES CITRUS X 310ML,N,1,1,5,0,2025-01-13,*,N,0,-1,0,1692.306, ,3011460331, ,-1,3,N,-1,1155,4,0,01/12/2024,31/12/2024
8351,AGUA MINERAL BENEDICTINO X 2.25LT,,3,63,288,0,0,1700.01,2025-01-13,AGUA MINERAL BENEDICTINO X 2.25LT,N,1,1,5,0,2025-01-13,*,N,0,-1,0,1172.417, ,3011460565, ,-1,3,N,-1,1155,4,772,01/12/2024,31/12/2024
8352,AGUA CON GAS BONAQUA X 1.5 LT,,3,0,0,0,0,1600.0,2025-01-13,AGUA CON GAS BONAQUA X 1.5 LT,N,1,1,5,0,2025-01-13,*,N,0,-1,0,1185.183, ,3011460627, ,-1,3,N,-1,1155,4,0,01/12/2024,31/12/2024
8353,AGUA MINERAL BENEDICTINO X 1.5 LT,,3,0,0,0,0,1400.0,2025-01-13,AGUA MINERAL BENEDICTINO X 1.5 LT,N,1,1,5,0,2025-01-13,*,N,0,-1,0,1037.043, ,3011460628, ,-1,3,N,-1,1155,4,0,01/12/2024,31/12/2024
8354,VINO BLANCO ESCORIHUELA GASCON CARDONNAY X 750ML,,3,60,266,0,0,10999.99,2025-01-13,VINO BLANCO ESCORIHUELA GASCON CARDONNAY X 750ML,N,1,1,5,0,2025-01-13,*,N,0,-1,0,5499.995, ,3011460665, ,-1,3,N,-1,1424,4,0,01/12/2024,31/12/2024
8355,VINO BLANCO FAMILIA GASCON DULCE X 750ML,,3,60,266,0,0,6900.0,2025-01-13,VINO BLANCO FAMILIA GASCON DULCE X 750ML,N,1,1,5,0,2025-01-13,*,N,0,-1,0,3450.0, ,3011460666, ,-1,3,N,-1,1424,4,0,01/12/2024,31/12/2024
8356,VINO TINTO ESCORIHUELA GASCON SANGIOVESE X 750ML,,3,60,266,0,0,10999.99,2025-01-13,VINO TINTO ESCORIHUELA GASCON SANGIOVESE X 750ML,N,1,1,5,0,2025-01-13,*,N,0,-1,0,5499.995, ,3011460667, ,-1,3,N,-1,1424,4,0,01/12/2024,31/12/2024
8357,VINO TINTO FAMILIA GASCON BLEND RED X 750ML,,3,60,266,0,0,6900.0,2025-01-13,VINO TINTO FAMILIA GASCON BLEND RED X 750ML,N,1,1,5,0,2025-01-13,*,N,0,-1,0,3450.0, ,3011460668, ,-1,3,N,-1,1424,4,0,01/12/2024,31/12/2024
8358,VINO TINTO ESCORIHUELA GASCON CABERNET SAUVIGNON X 750ML,,3,60,266,0,0,10999.99,2025-01-13,VINO TINTO ESCORIHUELA GASCON CABERNET SAUVIGNON X 750ML,N,1,1,5,0,2025-01-13,*,N,0,-1,0,5499.995, ,3011460669, ,-1,3,N,-1,1424,4,0,01/12/2024,31/12/2024
8359,VINO TINTO FAMILIA GASCON CABERNET SAUVIGNON X 750ML,,3,60,266,0,0,6900.0,2025-01-13,VINO TINTO FAMILIA GASCON CABERNET SAUVIGNON X 750ML,N,1,1,5,0,2025-01-13,*,N,0,-1,0,3450.0, ,3011460670, ,-1,3,N,-1,1424,4,0,01/12/2024,31/12/2024
8360,VINO TINTO ESCORIHUELA GASCON CABERNET FRAC X 750ML,,3,60,266,0,0,10999.99,2025-01-13,VINO TINTO ESCORIHUELA GASCON CABERNET FRAC X 750ML,N,1,1,5,0,2025-01-13,*,N,0,-1,0,5499.995, ,3011460671, ,-1,3,N,-1,1424,4,0,01/12/2024,31/12/2024
8361,VINO TINTO ESCORIHUELA GASCON MALBEC X 750ML,,3,60,266,0,0,10999.99,2025-01-13,VINO TINTO ESCORIHUELA GASCON MALBEC X 750ML,N,1,1,5,0,2025-01-13,*,N,0,-1,0,5499.995, ,3011460672, ,-1,3,N,-1,1424,4,0,01/12/2024,31/12/2024
8362,VINO TINTO ESCORIHUELA GRAN RESERVA MALBEC X 750ML,,3,60,266,0,0,17300.0,2025-01-13,VINO TINTO ESCORIHUELA GRAN RESERVA MALBEC X 750ML,N,1,1,5,0,2025-01-13,*,N,0,-1,0,8650.0, ,3011460673, ,-1,3,N,-1,1424,4,0,01/12/2024,31/12/2024
8363,VINO TINTO FAMILIA GASCON MALBEC X 750ML,,3,60,266,0,0,6900.0,2025-01-13,VINO TINTO FAMILIA GASCON MALBEC X 750ML,N,1,1,5,0,2025-01-13,*,N,0,-1,0,3450.0, ,3011460674, ,-1,3,N,-1,1424,4,0,01/12/2024,31/12/2024
8364,VINO TINTO FAMILIA GASCON ROBLE  MALBEC X 750ML,,3,60,266,0,0,6900.0,2025-01-13,VINO TINTO FAMILIA GASCON ROBLE  MALBEC X 750ML,N,1,1,5,0,2025-01-13,*,N,0,-1,0,3450.0, ,3011460675, ,-1,3,N,-1,1424,4,0,01/12/2024,31/12/2024
8365,VINO TINTO FAMILIA GASCON SYRAH X 750ML,,3,60,266,0,0,6900.0,2025-01-13,VINO TINTO FAMILIA GASCON SYRAH X 750ML,N,1,1,5,0,2025-01-13,*,N,0,-1,0,3450.0, ,3011460676, ,-1,3,N,-1,1424,4,0,01/12/2024,31/12/2024
8366,VINO TINTO FAMILIA GASCON TEMPRANILLO X 750ML,,3,60,266,0,0,6900.0,2025-01-13,VINO TINTO FAMILIA GASCON TEMPRANILLO X 750ML,N,1,1,5,0,2025-01-13,*,N,0,-1,0,3450.0, ,3011460677, ,-1,3,N,-1,1424,4,0,01/12/2024,31/12/2024
8367,VINO  GASCON ROSE 750 ML,,3,60,266,0,0,6900.0,2025-01-13,VINO  GASCON ROSE 750 ML,N,1,1,5,0,2025-01-13,*,N,0,-1,0,3450.0, ,3011460699, ,-1,3,N,-1,1424,4,0,01/12/2024,31/12/2024
8368,VINO FAMILIA GASCON CHARDONNAY X 750ML,,3,60,266,0,0,6900.0,2025-01-13,VINO FAMILIA GASCON CHARDONNAY X 750ML,N,1,1,5,0,2025-01-13,*,N,0,-1,0,3450.0, ,3011460700, ,-1,3,N,-1,1424,4,0,01/12/2024,31/12/2024
8369,BEBIDA ENERGIZANTE MONSTER ULTRA SUNRISE  X 473 ML,,3,63,289,0,0,2200.0,2025-01-13,BEBIDA ENERGIZANTE MONSTER ULTRA SUNRISE  X 473 ML,N,1,1,5,0,2025-01-13,*,N,0,-1,0,1517.243, ,3011461203, ,-1,3,N,-1,1155,4,0,01/12/2024,31/12/2024
8370,BEBIDA ENERGIZANTE MONSTER NG ULTRA ZERO,,3,63,289,0,0,2200.0,2025-01-13,BEBIDA ENERGIZANTE MONSTER NG ULTRA ZERO,N,1,1,5,0,2025-01-13,*,N,0,-1,0,1517.243, ,3011461204, ,-1,3,N,-1,1155,4,0,01/12/2024,31/12/2024
8371,QUESO UNTABLE CHEDDAR LA QUESERA 190GR,,3,61,298,0,0,1590.02,2025-01-13,QUESO UNTABLE CHEDDAR LA QUESERA 190GR,N,1,1,5,0,2025-01-13,*,N,0,-1,0,993.761, ,3011461205, ,-1,3,N,-1,1433,4,0,01/12/2024,31/12/2024
8372,QUESO UNTABLE LIGHT LA QUESERA 190GR,,3,61,298,0,0,1590.02,2025-01-13,QUESO UNTABLE LIGHT LA QUESERA 190GR,N,1,1,5,0,2025-01-13,*,N,0,-1,0,993.761, ,3011461206, ,-1,3,N,-1,1433,4,0,01/12/2024,31/12/2024
8373,QUESO UNTABLE JAMON LA QUESERA 190GR,,3,61,298,0,0,1590.02,2025-01-13,QUESO UNTABLE JAMON LA QUESERA 190GR,N,1,1,5,0,2025-01-13,*,N,0,-1,0,993.761, ,3011461207, ,-1,3,N,-1,1433,4,0,01/12/2024,31/12/2024
8374,QUESO UNTABLE AZUL LA QUESERA 190GR,,3,61,298,0,0,1590.02,2025-01-13,QUESO UNTABLE AZUL LA QUESERA 190GR,N,1,1,5,0,2025-01-13,*,N,0,-1,0,993.761, ,3011461208, ,-1,3,N,-1,1433,4,0,01/12/2024,31/12/2024
8375,QUESO UNTABLE GRUYERE LA QUESERA 190GR,,3,61,298,0,0,1590.02,2025-01-13,QUESO UNTABLE GRUYERE LA QUESERA 190GR,N,1,1,5,0,2025-01-13,*,N,0,-1,0,993.761, ,3011461209, ,-1,3,N,-1,1433,4,0,01/12/2024,31/12/2024
8376,QUESO UNTABLE CLASICO LA QUESERA 190GR,,3,61,298,0,0,1590.02,2025-01-13,QUESO UNTABLE CLASICO LA QUESERA 190GR,N,1,1,5,0,2025-01-13,*,N,0,-1,0,993.761, ,3011461210, ,-1,3,N,-1,1433,4,0,01/12/2024,31/12/2024
8377,QUESO FINLANDIA BALANCE X 290GR,,3,61,298,0,0,3257.07,2025-01-13,QUESO FINLANDIA BALANCE X 290GR,N,1,1,5,0,2025-01-13,*,N,0,-1,0,2171.381, ,3011461294, ,-1,3,N,-1,1521,4,0,01/12/2024,31/12/2024
8378,QUESO FINLANDIA S/SAL AGREGADA X 290GR,,3,61,262,0,0,3257.07,2025-01-13,QUESO FINLANDIA S/SAL AGREGADA X 290GR,N,1,1,5,0,2025-01-13,*,N,0,-1,0,2171.381, ,3011461300, ,-1,3,N,-1,1521,4,0,01/12/2024,31/12/2024
8379,QUESO FINLANDIA PROCESADO X 290GR,,3,61,298,0,0,3257.07,2025-01-13,QUESO FINLANDIA PROCESADO X 290GR,N,1,1,5,0,2025-01-13,*,N,0,-1,0,2171.381, ,3011461302, ,-1,3,N,-1,1521,4,0,01/12/2024,31/12/2024
8380,QUESO FINLANDIA LIGHT X 290GR,,3,61,298,0,0,3257.07,2025-01-13,QUESO FINLANDIA LIGHT X 290GR,N,1,1,5,0,2025-01-13,*,N,0,-1,0,2171.381, ,3011461304, ,-1,3,N,-1,1521,4,0,01/12/2024,31/12/2024
8381,VINO SANTA JULIA SYRAH 2022 X 750ML,,3,60,266,0,0,7199.98,2025-01-13,VINO SANTA JULIA SYRAH 2022 X 750ML,N,1,1,5,0,2025-01-13,*,N,0,-1,0,3955.49, ,3011461423, ,-1,3,N,-1,1456,4,0,01/12/2024,31/12/2024
8382,VINO SANTA JULIA PINOT GRIGIO 2023 X 750ML,,3,60,266,0,0,4900.0,2025-01-13,VINO SANTA JULIA PINOT GRIGIO 2023 X 750ML,N,1,1,5,0,2025-01-13,*,N,0,-1,0,2692.25, ,3011461424, ,-1,3,N,-1,1456,4,0,01/12/2024,31/12/2024
8383,GASEOSA SPRITE LATA X 354ML,,3,63,263,0,0,1000.0,2025-01-13,GASEOSA SPRITE LATA X 354ML,N,1,1,5,0,2025-01-13,*,N,0,-1,0,740.738, ,3011461946, ,-1,3,N,-1,1155,4,851,01/12/2024,31/12/2024
8384,CREMA DE LECHE MANFREY 200ML,,3,61,298,0,0,1930.99,2025-01-14,CREMA DE LECHE MANFREY 200ML,N,1,1,5,0,2025-01-14,*,N,0,-1,0,1331.714, ,3011461982, ,-1,3,N,-1,1539,4,0,01/12/2024,31/12/2024
8385,CREMA DE LECHE MANFREY 350ML,,3,61,298,0,0,3363.82,2025-01-14,CREMA DE LECHE MANFREY 350ML,N,1,1,5,0,2025-01-14,*,N,0,-1,0,2319.873, ,3011461983, ,-1,3,N,-1,1539,4,0,01/12/2024,31/12/2024
8386,QUESO CREMA LIGHT LA QUESERA 290GR,,3,61,298,0,0,1850.0,2025-01-13,QUESO CREMA LIGHT LA QUESERA 290GR,N,1,1,5,0,2025-01-13,*,N,0,-1,0,1156.252, ,3011462070, ,-1,3,N,-1,1433,4,0,01/12/2024,31/12/2024
8387,QUESO CREMA CLASICO LA QUESERA 290GR,,3,61,298,0,0,1850.0,2025-01-13,QUESO CREMA CLASICO LA QUESERA 290GR,N,1,1,5,0,2025-01-13,*,N,0,-1,0,1156.252, ,3011462071, ,-1,3,N,-1,1433,4,0,01/12/2024,31/12/2024
8390,GASEOSA FANTA LATA NARANJA X 354ML,,3,63,263,0,0,1000.0,2025-01-13,GASEOSA FANTA LATA NARANJA X 354ML,N,1,1,5,0,2025-01-13,*,N,0,-1,0,740.738, ,3011462416, ,-1,3,N,-1,1155,4,957,01/12/2024,31/12/2024
8391,GASEOSA COCA-COLA LATA X 354ML,,3,63,263,0,0,1000.0,2025-01-13,GASEOSA COCA-COLA LATA X 354ML,N,1,1,5,0,2025-01-13,*,N,0,-1,0,740.738, ,3011462571, ,-1,3,N,-1,1155,4,0,01/12/2024,31/12/2024
8392,VINO VIRGEN VINEYARD CABERNET SAUVIGNON X 750ML,,3,60,266,0,0,9900.0,2025-01-13,VINO VIRGEN VINEYARD CABERNET SAUVIGNON X 750ML,N,1,1,5,0,2025-01-13,*,N,0,-1,0,4950.001, ,3011462584, ,-1,3,N,-1,1556,4,0,01/12/2024,31/12/2024
8393,VINO BOUSQUET RESERVA MALBEC X 750ML,,3,60,266,0,0,14899.99,2025-01-13,VINO BOUSQUET RESERVA MALBEC X 750ML,N,1,1,5,0,2025-01-13,*,N,0,-1,0,7449.994, ,3011462585, ,-1,3,N,-1,1556,4,0,01/12/2024,31/12/2024
8394,VINO BOUSQUET RESERVA CABERNET FRANC X 750ML,,3,60,266,0,0,14899.99,2025-01-13,VINO BOUSQUET RESERVA CABERNET FRANC X 750ML,N,1,1,5,0,2025-01-13,*,N,0,-1,0,7449.994, ,3011462586, ,-1,3,N,-1,1556,4,0,01/12/2024,31/12/2024
8395,VINO BOUSQUET PREMIUM SAUVIGNON BLANC X 750ML,,3,60,266,0,0,9900.0,2025-01-13,VINO BOUSQUET PREMIUM SAUVIGNON BLANC X 750ML,N,1,1,5,0,2025-01-13,*,N,0,-1,0,4950.001, ,3011462588, ,-1,3,N,-1,1556,4,0,01/12/2024,31/12/2024
8396,VINO BOUSQUET PREMIUM CABERNET SAUVIGNON X 750ML,,3,60,266,0,0,9900.0,2025-01-13,VINO BOUSQUET PREMIUM CABERNET SAUVIGNON X 750ML,N,1,1,5,0,2025-01-13,*,N,0,-1,0,4950.001, ,3011462589, ,-1,3,N,-1,1556,4,0,01/12/2024,31/12/2024
8397,VINO ANIMAL ORGANIC MALBEC X 750ML,,3,60,266,0,0,13000.0,2025-01-13,VINO ANIMAL ORGANIC MALBEC X 750ML,N,1,1,5,0,2025-01-13,*,N,0,-1,0,6499.999, ,3011462590, ,-1,3,N,-1,1555,4,0,01/12/2024,31/12/2024
8398,VINO BOUSQUET CHARDONNAY X 750ML,,3,60,266,0,0,9900.0,2025-01-13,VINO BOUSQUET CHARDONNAY X 750ML,N,1,1,5,0,2025-01-13,*,N,0,-1,0,4950.001, ,3011462591, ,-1,3,N,-1,1556,4,0,01/12/2024,31/12/2024
8399,VINO ALMA NEGRA TINTO X 750ML,,3,60,266,0,0,28900.0,2025-01-13,VINO ALMA NEGRA TINTO X 750ML,N,1,1,5,0,2025-01-13,*,N,0,-1,0,14450.002, ,3011462594, ,-1,3,N,-1,1555,4,0,01/12/2024,31/12/2024
8400,VINO ANIMAL ORGANIC CHARDONNAY X 750ML,,3,60,266,0,0,12400.01,2025-01-13,VINO ANIMAL ORGANIC CHARDONNAY X 750ML,N,1,1,5,0,2025-01-13,*,N,0,-1,0,6200.004, ,3011462595, ,-1,3,N,-1,1555,4,0,01/12/2024,31/12/2024
8401,VINO NAVIRA BLEND X 750ML,,3,60,266,0,0,5950.01,2025-01-13,VINO NAVIRA BLEND X 750ML,N,1,1,5,0,2025-01-13,*,N,0,-1,0,2975.003, ,3011462596, ,-1,3,N,-1,1555,4,0,01/12/2024,31/12/2024
8402,VINO NAVIRA MALBEC X 750ML,,3,60,266,0,0,5950.01,2025-01-13,VINO NAVIRA MALBEC X 750ML,N,1,1,5,0,2025-01-13,*,N,0,-1,0,2975.003, ,3011462597, ,-1,3,N,-1,1555,4,0,01/12/2024,31/12/2024
8403,VINO INDAMA TINTO ATIPICO X 750ML,,3,60,266,0,0,8200.0,2025-01-13,VINO INDAMA TINTO ATIPICO X 750ML,N,1,1,5,0,2025-01-13,*,N,0,-1,0,4100.0, ,3011462598, ,-1,3,N,-1,1555,4,0,01/12/2024,31/12/2024
8404,VINO INDAMA ROSADO DE ISABELLA X 750ML,,3,60,266,0,0,8200.0,2025-01-13,VINO INDAMA ROSADO DE ISABELLA X 750ML,N,1,1,5,0,2025-01-13,*,N,0,-1,0,4100.0, ,3011462599, ,-1,3,N,-1,1555,4,0,01/12/2024,31/12/2024
8405,VINO PIEDRA NEGRA ALTA COLECCION CABERNET SAUVIGNON X 750ML,,3,60,266,0,0,12000.01,2025-01-13,VINO PIEDRA NEGRA ALTA COLECCION CABERNET SAUVIGNON X 750ML,N,1,1,5,0,2025-01-13,*,N,0,-1,0,6000.003, ,3011462600, ,-1,3,N,-1,1555,4,0,01/12/2024,31/12/2024
8406,VINO PIEDRA NEGRA ALTA COLECCION MALBEC X 750ML,,3,60,266,0,0,12000.01,2025-01-13,VINO PIEDRA NEGRA ALTA COLECCION MALBEC X 750ML,N,1,1,5,0,2025-01-13,*,N,0,-1,0,6000.003, ,3011462601, ,-1,3,N,-1,1555,4,0,01/12/2024,31/12/2024
8407,VINO BOUSQUET PREMIUM MALBEC X 750ML,,3,60,266,0,0,9900.0,2025-01-13,VINO BOUSQUET PREMIUM MALBEC X 750ML,N,1,1,5,0,2025-01-13,*,N,0,-1,0,4950.001, ,3011462602, ,-1,3,N,-1,1556,4,0,01/12/2024,31/12/2024
8408,VINO PADRILLOS PINOT NOIT X 750ML,,3,60,266,0,0,8000.01,2025-01-13,VINO PADRILLOS PINOT NOIT X 750ML,N,1,1,5,0,2025-01-13,*,N,0,-1,0,4000.006, ,3011462603, ,-1,3,N,-1,1555,4,0,01/12/2024,31/12/2024
8409,VINO PADRILLOS MALBEC X 750ML,,3,60,266,0,0,8000.01,2025-01-13,VINO PADRILLOS MALBEC X 750ML,N,1,1,5,0,2025-01-13,*,N,0,-1,0,4000.006, ,3011462604, ,-1,3,N,-1,1555,4,0,01/12/2024,31/12/2024
8410,VINO SOCAVONES MALBEC X 750ML,,3,60,266,0,0,11100.01,2025-01-13,VINO SOCAVONES MALBEC X 750ML,N,1,1,5,0,2025-01-13,*,N,0,-1,0,5550.004, ,3011462605, ,-1,3,N,-1,1555,4,0,01/12/2024,31/12/2024
8411,"AGUA SABORIZADA AQUARIUS POMELO X 2,25LT",,3,63,288,0,0,3100.01,2025-01-13,"AGUA SABORIZADA AQUARIUS POMELO X 2,25LT",N,1,1,5,0,2025-01-13,*,N,0,-1,0,2296.302, ,3011462694, ,-1,3,N,-1,1155,4,0,01/12/2024,31/12/2024
8412,"AGUA SABORIZADA AQUARIUS PERA X 2,25LT",,3,63,288,0,0,3100.01,2025-01-13,"AGUA SABORIZADA AQUARIUS PERA X 2,25LT",N,1,1,5,0,2025-01-13,*,N,0,-1,0,2296.302, ,3011462695, ,-1,3,N,-1,1155,4,0,01/12/2024,31/12/2024
8413,JUGO CEPITA NARANJA X 1LT,,3,63,271,0,0,1999.99,2025-01-13,JUGO CEPITA NARANJA X 1LT,N,1,1,5,0,2025-01-13,*,N,0,-1,0,1481.476, ,3011462696, ,-1,3,N,-1,1155,4,0,01/12/2024,31/12/2024
8416,"GASEOSA FANTA ZERO X 1,5LT",,3,63,263,0,0,2599.99,2025-01-13,"GASEOSA FANTA ZERO X 1,5LT",N,1,1,5,0,2025-01-13,*,N,0,-1,0,1925.921, ,3011462699, ,-1,3,N,-1,1155,4,0,01/12/2024,31/12/2024
8417,PAPAS FRITAS TRYMS EXTRA HOT SIN TACC X 70GR,1.0,3,67,296,0,0,1550.0,2025-01-14,PAPAS FRITAS TRYMS EXTRA HOT SIN TACC X 70GR,N,1,1,5,0,2025-01-14,*,N,0,-1,0,1148.148, ,3011462823, ,-1,3,N,-1,1462,4,0,01/12/2024,31/12/2024
8418,NACHOS TRYMS EXTRA HOT SIN TACC X 80GR,,3,67,296,0,0,1550.0,2025-01-14,NACHOS TRYMS EXTRA HOT SIN TACC X 80GR,N,1,1,5,0,2025-01-14,*,N,0,-1,0,1148.148, ,3011462824, ,-1,3,N,-1,1462,4,0,01/12/2024,31/12/2024
8419,"GASEOSA FANTA ZERO X 2,25LT",,3,63,263,0,0,3500.0,2025-01-13,"GASEOSA FANTA ZERO X 2,25LT",N,1,1,5,0,2025-01-13,*,N,0,-1,0,2592.594, ,3011463001, ,-1,3,N,-1,1155,4,0,01/12/2024,31/12/2024
